-- Povoar Eventos

INSERT INTO Evento(ano, nome, desconto)
	VALUES(2013, 'Happy Deals', 10);
INSERT INTO Evento(ano, nome, desconto)
	VALUES(2014, 'Your car is on Sale', 15);
INSERT INTO Evento(ano, nome, desconto)
	VALUES(2015, 'Best Offers', 25);
INSERT INTO Evento(ano, nome, desconto)
	VALUES(2016, 'Summer Car Time', 10);
INSERT INTO Evento(ano, nome, desconto)
	VALUES(2017, 'Best Car Deals', 5);
INSERT INTO Evento(ano, nome, desconto)
	VALUES(2018, 'Summer Deals', 7);
INSERT INTO Evento(ano, nome, desconto)
	VALUES(2019, 'Half of Half', 25);
INSERT INTO Evento(ano, nome, desconto)
	VALUES(2020, 'The Boss is Away', 10);


-- Povoar Utilizadores

INSERT INTO Utilizador(email, nome, evento, telefone)
	VALUES('vlangfield0@odnoklassniki.ru', 'Vilma Langfield', 2019, '700421838');
INSERT INTO Utilizador(email, nome, evento, telefone)
	VALUES('lwerrilow1@reddit.com', 'Linus Werrilow', 2014, '535042484');
INSERT INTO Utilizador(email, nome, evento, telefone)
	VALUES('dembra2@yolasite.com', 'Daren Embra', 2013, '842984987');
INSERT INTO Utilizador(email, nome, evento, telefone)
	VALUES('dnapoleon3@mac.com', 'Daloris Napoleon', 2015, '954093678');
INSERT INTO Utilizador(email, nome, evento, telefone)
	VALUES('rshynn4@elegantthemes.com', 'Ross Shynn', 2019, '462124015');
INSERT INTO Utilizador(email, nome, evento, telefone)
	VALUES('dboraston5@mozilla.com', 'Duncan Boraston', 2020, '542026363');
INSERT INTO Utilizador(email, nome, evento, telefone)
	VALUES('sskip6@slideshare.net', 'Shir Skip', 2016, '591335782');
INSERT INTO Utilizador(email, nome, evento, telefone)
	VALUES('gsympson7@nytimes.com', 'Gawain Sympson', 2019, '604827748');
INSERT INTO Utilizador(email, nome, evento, telefone)
	VALUES('aawcoate8@fotki.com', 'Alfy Awcoate', 2017, '717902003');
INSERT INTO Utilizador(email, nome, evento, telefone)
	VALUES('rizakoff9@fema.gov', 'Buckridge, Grimes and Green', 2017, '353721261');
INSERT INTO Utilizador(email, nome, evento, telefone)
	VALUES('jelizabetha@wunderground.com', 'Spinka, Wolff and Abshire', 2020, '939910655');
INSERT INTO Utilizador(email, nome, evento, telefone)
	VALUES('blocknerb@com.com', 'Beer LLC', 2018, '288988572');
INSERT INTO Utilizador(email, nome, evento, telefone)
	VALUES('vmacgrathc@dyndns.org', 'Blick, Huels and Schamberger', 2017, '650995853');
INSERT INTO Utilizador(email, nome, evento, telefone)
	VALUES('rshipperbottomd@bloglines.com', 'Stracke Group', 2016, '232788400');
INSERT INTO Utilizador(email, nome, evento, telefone)
	VALUES('emullindere@youku.com', 'Sipes, Koss and Langosh', 2013, '456869642');
INSERT INTO Utilizador(email, nome, evento, telefone)
	VALUES('blustyf@skyrock.com', 'Lehner, Donnelly and Stroman', 2014, '923015432');
INSERT INTO Utilizador(email, nome, evento, telefone)
	VALUES('jadamog@fema.gov', 'Glover, Barrows and Smith', 2015, '938948924');
INSERT INTO Utilizador(email, nome, evento, telefone)
	VALUES('gdrewetth@theguardian.com', 'Pacocha, Konopelski and Stiedemann', 2019, '112993605');
INSERT INTO Utilizador(email, nome, evento, telefone)
	VALUES('cmaccafferyi@weebly.com', 'Howe, Hills and Collins', 2017, '350790286');
INSERT INTO Utilizador(email, nome, evento, telefone)
	VALUES('bmatiebej@github.com', 'Hamill Inc', 2017, '518692915');
INSERT INTO Utilizador(email, nome, evento, telefone)
	VALUES('tmannoochk@pbs.org', 'Roberto Robardey', 2014, '516286616');
INSERT INTO Utilizador(email, nome, evento, telefone)
	VALUES('msigsworthl@wsj.com', 'Othilia McKilroe', 2019, '316148720');
INSERT INTO Utilizador(email, nome, evento, telefone)
	VALUES('rrobardeym@mapy.cz', 'Marna McCarver', 2016, '920928238');
INSERT INTO Utilizador(email, nome, evento, telefone)
	VALUES('omckilroen@newsvine.com', 'Craggie Falloon', 2020, '464524681');
INSERT INTO Utilizador(email, nome, evento, telefone)
	VALUES('mmccarvero@kickstarter.com', 'Wallie Lawrinson', 2013, '246432900');
INSERT INTO Utilizador(email, nome, evento, telefone)
	VALUES('cfalloonp@tinyurl.com', 'Everard Ellwell', 2018, '769362902');
INSERT INTO Utilizador(email, nome, evento, telefone)
	VALUES('wlawrinsonq@printfriendly.com', 'Gerianne Darnbrough', 2017, '160123524');
INSERT INTO Utilizador(email, nome, evento, telefone)
	VALUES('eellwellr@homestead.com', 'Eyde di Rocca', 2013, '219784625');
INSERT INTO Utilizador(email, nome, evento, telefone)
	VALUES('gdarnbroughs@wufoo.com', 'Lock Nowakowska', 2016, '468675878');
INSERT INTO Utilizador(email, nome, evento, telefone)
	VALUES('edit@google.cn', 'Cummerata, Smith and Leffler', 2020, '547794676');
INSERT INTO Utilizador(email, nome, evento, telefone)
	VALUES('lnowakowskau@jimdo.com', 'Friesen-Farrell', 2015, '705197000');
INSERT INTO Utilizador(email, nome, evento, telefone)
	VALUES('docleryv@go.com', 'Watsica, Davis and Nikolaus', 2019, '882007737');
INSERT INTO Utilizador(email, nome, evento, telefone)
	VALUES('rneillansw@accuweather.com', 'Christiansen and Sons', 2013, '642316664');
INSERT INTO Utilizador(email, nome, evento, telefone)
	VALUES('otrankx@ocn.ne.jp', 'Collins, Lockman and Barton', 2016, '546040409');
INSERT INTO Utilizador(email, nome, evento, telefone)
	VALUES('esteffensy@mapquest.com', 'Hessel, Moore and Parisian', 2019, '209130777');
INSERT INTO Utilizador(email, nome, evento, telefone)
	VALUES('sscadez@samsung.com', 'Strosin-Schuppe', 2020, '470824540');
INSERT INTO Utilizador(email, nome, evento, telefone)
	VALUES('ddun10@ucoz.com', 'Beahan and Sons', 2013, '912846987');
INSERT INTO Utilizador(email, nome, evento, telefone)
	VALUES('broll11@google.co.jp', 'Osinski, Mills and Huels', 2015, '281380932');
INSERT INTO Utilizador(email, nome, evento, telefone)
	VALUES('dtozer12@prlog.org', 'Ebert-Littel', 2017, '124691101');
INSERT INTO Utilizador(email, nome, evento, telefone)
	VALUES('tbantock13@barnesandnoble.com', 'Nitzsche, Schamberger and Stroman', 2018, '146477166');
INSERT INTO Utilizador(email, nome, evento, telefone)
	VALUES('hcalderonello14@plala.or.jp', 'Gretna Esplin', 2018, '270633804');
INSERT INTO Utilizador(email, nome, evento, telefone)
	VALUES('rofeeney15@yellowbook.com', 'Isabella Priter', 2020, '369010889');
INSERT INTO Utilizador(email, nome, evento, telefone)
	VALUES('gtames16@cbc.ca', 'Cariotta Krale', 2016, '885545233');
INSERT INTO Utilizador(email, nome, evento, telefone)
	VALUES('mwoan17@canalblog.com', 'Gusty Bixley', 2014, '163917355');
INSERT INTO Utilizador(email, nome, evento, telefone)
	VALUES('vlambot18@sciencedaily.com', 'Albina Meah', 2015, '587894608');
INSERT INTO Utilizador(email, nome, evento, telefone)
	VALUES('ronthank19@istockphoto.com', 'Hanni Cordelette', 2015, '345593153');
INSERT INTO Utilizador(email, nome, evento, telefone)
	VALUES('gesplin1a@nhs.uk', 'Malina Dachs', 2015, '886566469');
INSERT INTO Utilizador(email, nome, evento, telefone)
	VALUES('ipriter1b@ft.com', 'Wilmar Pirdue', 2013, '436307410');
INSERT INTO Utilizador(email, nome, evento, telefone)
	VALUES('ckrale1c@slate.com', 'Howie Blamey', 2014, '321079084');
INSERT INTO Utilizador(email, nome, evento, telefone)
	VALUES('gbixley1d@studiopress.com', 'Talia Sappson', 2019, '125188492');
INSERT INTO Utilizador(email, nome, evento, telefone)
	VALUES('ameah1e@ucsd.edu', 'Eziechiele Fishbourne', 2015, '387788195');
INSERT INTO Utilizador(email, nome, evento, telefone)
	VALUES('hcordelette1f@wordpress.com', 'Sonnnie Edmonston', 2014, '178023901');
INSERT INTO Utilizador(email, nome, evento, telefone)
	VALUES('mdachs1g@yellowpages.com', 'Lettie Cawdell', 2016, '999301707');
INSERT INTO Utilizador(email, nome, evento, telefone)
	VALUES('wpirdue1h@businesswire.com', 'Wunsch LLC', 2013, '308720078');
INSERT INTO Utilizador(email, nome, evento, telefone)
	VALUES('hblamey1i@stumbleupon.com', 'Schinner-Klocko', 2020, '864594464');
INSERT INTO Utilizador(email, nome, evento, telefone)
	VALUES('tsappson1j@nsw.gov.au', 'Friesen, Wolff and Considine', 2016, '158586297');
INSERT INTO Utilizador(email, nome, evento, telefone)
	VALUES('efishbourne1k@cbslocal.com', 'Lang-Cormier', 2020, '509572653');
INSERT INTO Utilizador(email, nome, evento, telefone)
	VALUES('sedmonston1l@fc2.com', 'Terry Inc', 2013, '893949245');
INSERT INTO Utilizador(email, nome, evento, telefone)
	VALUES('lcawdell1m@123-reg.co.uk', 'Kihn Inc', 2013, '981113689');


-- Povoar Utilizadores Particulares

INSERT INTO UtilizadorParticular(email)
	VALUES('vlangfield0@odnoklassniki.ru');
INSERT INTO UtilizadorParticular(email)
	VALUES('lwerrilow1@reddit.com');
INSERT INTO UtilizadorParticular(email)
	VALUES('dembra2@yolasite.com');
INSERT INTO UtilizadorParticular(email)
	VALUES('dnapoleon3@mac.com');
INSERT INTO UtilizadorParticular(email)
	VALUES('rshynn4@elegantthemes.com');
INSERT INTO UtilizadorParticular(email)
	VALUES('dboraston5@mozilla.com');
INSERT INTO UtilizadorParticular(email)
	VALUES('sskip6@slideshare.net');
INSERT INTO UtilizadorParticular(email)
	VALUES('gsympson7@nytimes.com');
INSERT INTO UtilizadorParticular(email)
	VALUES('aawcoate8@fotki.com');
INSERT INTO UtilizadorParticular(email)
	VALUES('rizakoff9@fema.gov');
INSERT INTO UtilizadorParticular(email)
	VALUES('jelizabetha@wunderground.com');
INSERT INTO UtilizadorParticular(email)
	VALUES('tmannoochk@pbs.org');
INSERT INTO UtilizadorParticular(email)
	VALUES('msigsworthl@wsj.com');
INSERT INTO UtilizadorParticular(email)
	VALUES('rrobardeym@mapy.cz');
INSERT INTO UtilizadorParticular(email)
	VALUES('omckilroen@newsvine.com');
INSERT INTO UtilizadorParticular(email)
	VALUES('mmccarvero@kickstarter.com');
INSERT INTO UtilizadorParticular(email)
	VALUES('cfalloonp@tinyurl.com');
INSERT INTO UtilizadorParticular(email)
	VALUES('wlawrinsonq@printfriendly.com');
INSERT INTO UtilizadorParticular(email)
	VALUES('eellwellr@homestead.com');
INSERT INTO UtilizadorParticular(email)
	VALUES('gdarnbroughs@wufoo.com');
INSERT INTO UtilizadorParticular(email)
	VALUES('hcalderonello14@plala.or.jp');
INSERT INTO UtilizadorParticular(email)
	VALUES('rofeeney15@yellowbook.com');
INSERT INTO UtilizadorParticular(email)
	VALUES('gtames16@cbc.ca');
INSERT INTO UtilizadorParticular(email)
	VALUES('mwoan17@canalblog.com');
INSERT INTO UtilizadorParticular(email)
	VALUES('vlambot18@sciencedaily.com');
INSERT INTO UtilizadorParticular(email)
	VALUES('ronthank19@istockphoto.com');
INSERT INTO UtilizadorParticular(email)
	VALUES('gesplin1a@nhs.uk');
INSERT INTO UtilizadorParticular(email)
	VALUES('ipriter1b@ft.com');
INSERT INTO UtilizadorParticular(email)
	VALUES('ckrale1c@slate.com');
INSERT INTO UtilizadorParticular(email)
	VALUES('gbixley1d@studiopress.com');
INSERT INTO UtilizadorParticular(email)
	VALUES('ameah1e@ucsd.edu');
INSERT INTO UtilizadorParticular(email)
	VALUES('hcordelette1f@wordpress.com');
INSERT INTO UtilizadorParticular(email)
	VALUES('mdachs1g@yellowpages.com');


-- Povoar Utilizadores Profissionais

INSERT INTO UtilizadorProfissional(email, nif, localizacao, avatar)
	VALUES('blocknerb@com.com', '761144657', 'Grim Way', 'https://robohash.org/velitfugadeserunt.png?size=50x50&set=set1');
INSERT INTO UtilizadorProfissional(email, nif, localizacao, avatar)
	VALUES('vmacgrathc@dyndns.org', '339937270', 'Trailsway Hill', 'https://robohash.org/etsequiiure.bmp?size=50x50&set=set1');
INSERT INTO UtilizadorProfissional(email, nif, localizacao, avatar)
	VALUES('rshipperbottomd@bloglines.com', '439822455', 'Maple Hill', 'https://robohash.org/voluptatemmagnamea.jpg?size=50x50&set=set1');
INSERT INTO UtilizadorProfissional(email, nif, localizacao, avatar)
	VALUES('emullindere@youku.com', '828998490', 'Paget Drive', 'https://robohash.org/sitsedexplicabo.png?size=50x50&set=set1');
INSERT INTO UtilizadorProfissional(email, nif, localizacao, avatar)
	VALUES('blustyf@skyrock.com', '611353051', 'Derek Circle', 'https://robohash.org/placeatiustonumquam.png?size=50x50&set=set1');
INSERT INTO UtilizadorProfissional(email, nif, localizacao, avatar)
	VALUES('jadamog@fema.gov', '367530673', 'Pond Crossing', 'https://robohash.org/rerumculpavoluptatem.jpg?size=50x50&set=set1');
INSERT INTO UtilizadorProfissional(email, nif, localizacao, avatar)
	VALUES('gdrewetth@theguardian.com', '386402583', 'Pearson Way', 'https://robohash.org/recusandaeistenemo.bmp?size=50x50&set=set1');
INSERT INTO UtilizadorProfissional(email, nif, localizacao, avatar)
	VALUES('cmaccafferyi@weebly.com', '337185111', 'Rutledge Lane', 'https://robohash.org/consequaturpraesentiumitaque.jpg?size=50x50&set=set1');
INSERT INTO UtilizadorProfissional(email, nif, localizacao, avatar)
	VALUES('bmatiebej@github.com', '466502990', 'Forest Run Drive', 'https://robohash.org/numquamconsecteturinventore.bmp?size=50x50&set=set1');
INSERT INTO UtilizadorProfissional(email, nif, localizacao, avatar)
	VALUES('edit@google.cn', '755058894', 'Maple Wood Point', 'https://robohash.org/verolaboruma.jpg?size=50x50&set=set1');
INSERT INTO UtilizadorProfissional(email, nif, localizacao, avatar)
	VALUES('lnowakowskau@jimdo.com', '277717228', 'Buhler Crossing', 'https://robohash.org/assumendasedducimus.png?size=50x50&set=set1');
INSERT INTO UtilizadorProfissional(email, nif, localizacao, avatar)
	VALUES('docleryv@go.com', '666037077', 'Evergreen Crossing', 'https://robohash.org/maioresdolorumlaborum.jpg?size=50x50&set=set1');
INSERT INTO UtilizadorProfissional(email, nif, localizacao, avatar)
	VALUES('rneillansw@accuweather.com', '633732011', 'Brickson Park Alley', 'https://robohash.org/abdoloresdignissimos.png?size=50x50&set=set1');
INSERT INTO UtilizadorProfissional(email, nif, localizacao, avatar)
	VALUES('otrankx@ocn.ne.jp', '456865047', 'Bultman Alley', 'https://robohash.org/placeatrecusandaedolor.bmp?size=50x50&set=set1');
INSERT INTO UtilizadorProfissional(email, nif, localizacao, avatar)
	VALUES('esteffensy@mapquest.com', '810403431', 'Larry Circle', 'https://robohash.org/doloresanimised.jpg?size=50x50&set=set1');
INSERT INTO UtilizadorProfissional(email, nif, localizacao, avatar)
	VALUES('sscadez@samsung.com', '742207392', 'Di Loreto Street', 'https://robohash.org/modidebitisvelit.png?size=50x50&set=set1');
INSERT INTO UtilizadorProfissional(email, nif, localizacao, avatar)
	VALUES('ddun10@ucoz.com', '330208300', 'Menomonie Point', 'https://robohash.org/nonnatusincidunt.bmp?size=50x50&set=set1');
INSERT INTO UtilizadorProfissional(email, nif, localizacao, avatar)
	VALUES('broll11@google.co.jp', '870507279', 'Stone Corner Way', 'https://robohash.org/maioresetfuga.bmp?size=50x50&set=set1');
INSERT INTO UtilizadorProfissional(email, nif, localizacao, avatar)
	VALUES('dtozer12@prlog.org', '153084823', 'Green Ridge Junction', 'https://robohash.org/nondoloremmollitia.jpg?size=50x50&set=set1');
INSERT INTO UtilizadorProfissional(email, nif, localizacao, avatar)
	VALUES('tbantock13@barnesandnoble.com', '934668938', 'Walton Crossing', 'https://robohash.org/mollitiaidaperiam.jpg?size=50x50&set=set1');
INSERT INTO UtilizadorProfissional(email, nif, localizacao, avatar)
	VALUES('wpirdue1h@businesswire.com', '253523859', 'Buell Plaza', 'https://robohash.org/quibusdamerrorsit.jpg?size=50x50&set=set1');
INSERT INTO UtilizadorProfissional(email, nif, localizacao, avatar)
	VALUES('hblamey1i@stumbleupon.com', '881857211', 'Union Street', 'https://robohash.org/quiaveromaiores.jpg?size=50x50&set=set1');
INSERT INTO UtilizadorProfissional(email, nif, localizacao, avatar)
	VALUES('tsappson1j@nsw.gov.au', '281521521', 'Bunker Hill Crossing', 'https://robohash.org/maximeminusdolorem.png?size=50x50&set=set1');
INSERT INTO UtilizadorProfissional(email, nif, localizacao, avatar)
	VALUES('efishbourne1k@cbslocal.com', '692773529', 'Jenna Way', 'https://robohash.org/voluptatemnonmodi.png?size=50x50&set=set1');
INSERT INTO UtilizadorProfissional(email, nif, localizacao, avatar)
	VALUES('sedmonston1l@fc2.com', '503375088', 'Debra Court', 'https://robohash.org/etblanditiisab.jpg?size=50x50&set=set1');
INSERT INTO UtilizadorProfissional(email, nif, localizacao, avatar)
	VALUES('lcawdell1m@123-reg.co.uk', '203110904', 'Jenna Point', 'https://robohash.org/sapienteipsaut.png?size=50x50&set=set1');


-- Povoar Condição

INSERT INTO Condicao(tipo)
	VALUES('new');
INSERT INTO Condicao(tipo)
	VALUES('used');
INSERT INTO Condicao(tipo)
	VALUES('semi-new');


-- Povoar Anuncios

INSERT INTO Anuncio(id, preco, data, condicao, anunciante, evento, descricao)
	VALUES(1, 39828, '2014-01-06', 'new', 'vlangfield0@odnoklassniki.ru', 2014, 'Fusce consequat. Nulla nisl. Nunc nisl. Duis bibendum, felis sed interdum venenatis, turpis enim blandit mi, in porttitor pede justo eu massa. Donec dapibus. Duis at velit eu est congue elementum. In hac habitasse platea dictumst. Morbi vestibulum, velit id pretium iaculis, diam erat fermentum justo, nec condimentum neque sapien placerat ante. Nulla justo. Aliquam quis turpis eget elit sodales scelerisque.');
INSERT INTO Anuncio(id, preco, data, condicao, anunciante, evento, descricao)
	VALUES(2, 40446, '2014-08-23', 'new', 'lwerrilow1@reddit.com', 2019, 'Pellentesque ultrices mattis odio. Donec vitae nisi. Nam ultrices, libero non mattis pulvinar, nulla pede ullamcorper augue, a suscipit nulla elit ac nulla. Sed vel enim sit amet nunc viverra dapibus. Nulla suscipit ligula in lacus.');
INSERT INTO Anuncio(id, preco, data, condicao, anunciante, evento, descricao)
	VALUES(3, 70515, '2017-03-19', 'new', 'dembra2@yolasite.com', 2016, 'Maecenas ut massa quis augue luctus tincidunt. Nulla mollis molestie lorem. Quisque ut erat. Curabitur gravida nisi at nibh. In hac habitasse platea dictumst. Aliquam augue quam, sollicitudin vitae, consectetuer eget, rutrum at, lorem. Integer tincidunt ante vel ipsum. Praesent blandit lacinia erat. Vestibulum sed magna at nunc commodo placerat. Praesent blandit.');
INSERT INTO Anuncio(id, preco, data, condicao, anunciante, evento, descricao)
	VALUES(4, 56763, '2013-10-12', 'new', 'dnapoleon3@mac.com', 2017, 'Donec posuere metus vitae ipsum. Aliquam non mauris. Morbi non lectus. Aliquam sit amet diam in magna bibendum imperdiet. Nullam orci pede, venenatis non, sodales sed, tincidunt eu, felis. Fusce posuere felis sed lacus.');
INSERT INTO Anuncio(id, preco, data, condicao, anunciante, evento, descricao)
	VALUES(5, 50366, '2017-12-17', 'new', 'rshynn4@elegantthemes.com', 2014, 'Aliquam non mauris. Morbi non lectus. Aliquam sit amet diam in magna bibendum imperdiet. Nullam orci pede, venenatis non, sodales sed, tincidunt eu, felis. Fusce posuere felis sed lacus. Morbi sem mauris, laoreet ut, rhoncus aliquet, pulvinar sed, nisl. Nunc rhoncus dui vel sem. Sed sagittis. Nam congue, risus semper porta volutpat, quam pede lobortis ligula, sit amet eleifend pede libero quis orci. Nullam molestie nibh in lectus.');
INSERT INTO Anuncio(id, preco, data, condicao, anunciante, evento, descricao)
	VALUES(6, 81503, '2019-05-03', 'new', 'dboraston5@mozilla.com', 2013, 'Suspendisse potenti. Nullam porttitor lacus at turpis. Donec posuere metus vitae ipsum. Aliquam non mauris. Morbi non lectus. Aliquam sit amet diam in magna bibendum imperdiet.');
INSERT INTO Anuncio(id, preco, data, condicao, anunciante, evento, descricao)
	VALUES(7, 69425, '2019-01-20', 'new', 'sskip6@slideshare.net', 2013, 'Aenean lectus. Pellentesque eget nunc. Donec quis orci eget orci vehicula condimentum. Curabitur in libero ut massa volutpat convallis. Morbi odio odio, elementum eu, interdum eu, tincidunt in, leo.');
INSERT INTO Anuncio(id, preco, data, condicao, anunciante, evento, descricao)
	VALUES(8, 58507, '2017-04-05', 'new', 'gsympson7@nytimes.com', 2014, '"Vestibulum ante ipsum primis in faucibus orci luctus et ultrices posuere cubilia Curae');
INSERT INTO Anuncio(id, preco, data, condicao, anunciante, evento, descricao)
	VALUES(9, 19544, '2018-01-18', 'new', 'aawcoate8@fotki.com', 2015, '"Vestibulum ante ipsum primis in faucibus orci luctus et ultrices posuere cubilia Curae');
INSERT INTO Anuncio(id, preco, data, condicao, anunciante, evento, descricao)
	VALUES(10, 23472, '2017-02-25', 'new', 'blustyf@skyrock.com', 2019, 'Nam congue, risus semper porta volutpat, quam pede lobortis ligula, sit amet eleifend pede libero quis orci. Nullam molestie nibh in lectus. Pellentesque at nulla. Suspendisse potenti. Cras in purus eu magna vulputate luctus. Cum sociis natoque penatibus et magnis dis parturient montes, nascetur ridiculus mus. Vivamus vestibulum sagittis sapien. Cum sociis natoque penatibus et magnis dis parturient montes, nascetur ridiculus mus. Etiam vel augue. Vestibulum rutrum rutrum neque.');
INSERT INTO Anuncio(id, preco, data, condicao, anunciante, evento, descricao)
	VALUES(11, 68862, '2018-12-14', 'new', 'jadamog@fema.gov', 2016, 'Nam nulla. Integer pede justo, lacinia eget, tincidunt eget, tempus vel, pede. Morbi porttitor lorem id ligula. Suspendisse ornare consequat lectus.');
INSERT INTO Anuncio(id, preco, data, condicao, anunciante, evento, descricao)
	VALUES(12, 47617, '2018-03-09', 'new', 'gdrewetth@theguardian.com', 2020, 'Nulla tellus. In sagittis dui vel nisl. Duis ac nibh. Fusce lacus purus, aliquet at, feugiat non, pretium quis, lectus.');
INSERT INTO Anuncio(id, preco, data, condicao, anunciante, evento, descricao)
	VALUES(13, 52470, '2015-11-02', 'new', 'cmaccafferyi@weebly.com', 2016, 'In est risus, auctor sed, tristique in, tempus sit amet, sem. Fusce consequat. Nulla nisl. Nunc nisl. Duis bibendum, felis sed interdum venenatis, turpis enim blandit mi, in porttitor pede justo eu massa. Donec dapibus. Duis at velit eu est congue elementum. In hac habitasse platea dictumst. Morbi vestibulum, velit id pretium iaculis, diam erat fermentum justo, nec condimentum neque sapien placerat ante. Nulla justo.');
INSERT INTO Anuncio(id, preco, data, condicao, anunciante, evento, descricao)
	VALUES(14, 64269, '2017-02-02', 'new', 'bmatiebej@github.com', 2016, 'Nullam porttitor lacus at turpis. Donec posuere metus vitae ipsum. Aliquam non mauris. Morbi non lectus. Aliquam sit amet diam in magna bibendum imperdiet. Nullam orci pede, venenatis non, sodales sed, tincidunt eu, felis.');
INSERT INTO Anuncio(id, preco, data, condicao, anunciante, evento, descricao)
	VALUES(15, 63815, '2014-01-30', 'new', 'tmannoochk@pbs.org', 2014, '"Duis mattis egestas metus. Aenean fermentum. Donec ut mauris eget massa tempor convallis. Nulla neque libero, convallis eget, eleifend luctus, ultricies eu, nibh. Quisque id justo sit amet sapien dignissim vestibulum. Vestibulum ante ipsum primis in faucibus orci luctus et ultrices posuere cubilia Curae');
INSERT INTO Anuncio(id, preco, data, condicao, anunciante, evento, descricao)
	VALUES(16, 59726, '2014-02-13', 'used', 'msigsworthl@wsj.com', 2020, 'Nullam varius. Nulla facilisi. Cras non velit nec nisi vulputate nonummy. Maecenas tincidunt lacus at velit. Vivamus vel nulla eget eros elementum pellentesque. Quisque porta volutpat erat. Quisque erat eros, viverra eget, congue eget, semper rutrum, nulla.');
INSERT INTO Anuncio(id, preco, data, condicao, anunciante, evento, descricao)
	VALUES(17, 31264, '2013-01-17', 'used', 'rrobardeym@mapy.cz', 2016, 'Sed sagittis. Nam congue, risus semper porta volutpat, quam pede lobortis ligula, sit amet eleifend pede libero quis orci. Nullam molestie nibh in lectus. Pellentesque at nulla.');
INSERT INTO Anuncio(id, preco, data, condicao, anunciante, evento, descricao)
	VALUES(18, 95593, '2013-06-11', 'used', 'omckilroen@newsvine.com', 2018, 'In tempor, turpis nec euismod scelerisque, quam turpis adipiscing lorem, vitae mattis nibh ligula nec sem. Duis aliquam convallis nunc. Proin at turpis a pede posuere nonummy. Integer non velit. Donec diam neque, vestibulum eget, vulputate ut, ultrices vel, augue.');
INSERT INTO Anuncio(id, preco, data, condicao, anunciante, evento, descricao)
	VALUES(19, 69348, '2017-12-08', 'used', 'mmccarvero@kickstarter.com', 2017, 'Nullam molestie nibh in lectus. Pellentesque at nulla. Suspendisse potenti. Cras in purus eu magna vulputate luctus. Cum sociis natoque penatibus et magnis dis parturient montes, nascetur ridiculus mus. Vivamus vestibulum sagittis sapien. Cum sociis natoque penatibus et magnis dis parturient montes, nascetur ridiculus mus. Etiam vel augue. Vestibulum rutrum rutrum neque.');
INSERT INTO Anuncio(id, preco, data, condicao, anunciante, evento, descricao)
	VALUES(20, 11364, '2017-05-01', 'used', 'cfalloonp@tinyurl.com', 2017, 'Nulla tempus. Vivamus in felis eu sapien cursus vestibulum. Proin eu mi. Nulla ac enim. In tempor, turpis nec euismod scelerisque, quam turpis adipiscing lorem, vitae mattis nibh ligula nec sem. Duis aliquam convallis nunc. Proin at turpis a pede posuere nonummy.');
INSERT INTO Anuncio(id, preco, data, condicao, anunciante, evento, descricao)
	VALUES(21, 94732, '2017-04-23', 'used', 'wlawrinsonq@printfriendly.com', 2019, '"Vestibulum ante ipsum primis in faucibus orci luctus et ultrices posuere cubilia Curae');
INSERT INTO Anuncio(id, preco, data, condicao, anunciante, evento, descricao)
	VALUES(22, 4107, '2016-04-04', 'used', 'eellwellr@homestead.com', 2013, 'Fusce posuere felis sed lacus. Morbi sem mauris, laoreet ut, rhoncus aliquet, pulvinar sed, nisl. Nunc rhoncus dui vel sem. Sed sagittis. Nam congue, risus semper porta volutpat, quam pede lobortis ligula, sit amet eleifend pede libero quis orci.');
INSERT INTO Anuncio(id, preco, data, condicao, anunciante, evento, descricao)
	VALUES(23, 21267, '2014-09-26', 'used', 'gdarnbroughs@wufoo.com', 2019, 'Donec dapibus. Duis at velit eu est congue elementum. In hac habitasse platea dictumst. Morbi vestibulum, velit id pretium iaculis, diam erat fermentum justo, nec condimentum neque sapien placerat ante. Nulla justo. Aliquam quis turpis eget elit sodales scelerisque. Mauris sit amet eros. Suspendisse accumsan tortor quis turpis. Sed ante.');
INSERT INTO Anuncio(id, preco, data, condicao, anunciante, evento, descricao)
	VALUES(24, 59905, '2018-07-18', 'used', 'edit@google.cn', 2014, 'Donec ut dolor. Morbi vel lectus in quam fringilla rhoncus. Mauris enim leo, rhoncus sed, vestibulum sit amet, cursus id, turpis. Integer aliquet, massa id lobortis convallis, tortor risus dapibus augue, vel accumsan tellus nisi eu orci. Mauris lacinia sapien quis libero. Nullam sit amet turpis elementum ligula vehicula consequat. Morbi a ipsum. Integer a nibh.');
INSERT INTO Anuncio(id, preco, data, condicao, anunciante, evento, descricao)
	VALUES(25, 1508, '2017-10-13', 'used', 'lnowakowskau@jimdo.com', 2017, '"Praesent lectus. Vestibulum quam sapien, varius ut, blandit non, interdum in, ante. Vestibulum ante ipsum primis in faucibus orci luctus et ultrices posuere cubilia Curae');
INSERT INTO Anuncio(id, preco, data, condicao, anunciante, evento, descricao)
	VALUES(26, 54191, '2014-09-24', 'used', 'docleryv@go.com', 2018, 'Aliquam non mauris. Morbi non lectus. Aliquam sit amet diam in magna bibendum imperdiet. Nullam orci pede, venenatis non, sodales sed, tincidunt eu, felis. Fusce posuere felis sed lacus. Morbi sem mauris, laoreet ut, rhoncus aliquet, pulvinar sed, nisl. Nunc rhoncus dui vel sem.');
INSERT INTO Anuncio(id, preco, data, condicao, anunciante, evento, descricao)
	VALUES(27, 51308, '2016-06-08', 'used', 'rneillansw@accuweather.com', 2015, 'Morbi a ipsum. Integer a nibh. In quis justo. Maecenas rhoncus aliquam lacus. Morbi quis tortor id nulla ultrices aliquet. Maecenas leo odio, condimentum id, luctus nec, molestie sed, justo. Pellentesque viverra pede ac diam.');
INSERT INTO Anuncio(id, preco, data, condicao, anunciante, evento, descricao)
	VALUES(28, 80518, '2015-09-07', 'used', 'otrankx@ocn.ne.jp', 2017, 'Nunc rhoncus dui vel sem. Sed sagittis. Nam congue, risus semper porta volutpat, quam pede lobortis ligula, sit amet eleifend pede libero quis orci. Nullam molestie nibh in lectus. Pellentesque at nulla. Suspendisse potenti. Cras in purus eu magna vulputate luctus. Cum sociis natoque penatibus et magnis dis parturient montes, nascetur ridiculus mus.');
INSERT INTO Anuncio(id, preco, data, condicao, anunciante, evento, descricao)
	VALUES(29, 37628, '2017-01-06', 'used', 'esteffensy@mapquest.com', 2014, 'Mauris enim leo, rhoncus sed, vestibulum sit amet, cursus id, turpis. Integer aliquet, massa id lobortis convallis, tortor risus dapibus augue, vel accumsan tellus nisi eu orci. Mauris lacinia sapien quis libero. Nullam sit amet turpis elementum ligula vehicula consequat. Morbi a ipsum. Integer a nibh. In quis justo. Maecenas rhoncus aliquam lacus. Morbi quis tortor id nulla ultrices aliquet.');
INSERT INTO Anuncio(id, preco, data, condicao, anunciante, evento, descricao)
	VALUES(30, 18208, '2016-02-19', 'used', 'sscadez@samsung.com', 2017, 'Cras non velit nec nisi vulputate nonummy. Maecenas tincidunt lacus at velit. Vivamus vel nulla eget eros elementum pellentesque. Quisque porta volutpat erat. Quisque erat eros, viverra eget, congue eget, semper rutrum, nulla. Nunc purus. Phasellus in felis. Donec semper sapien a libero. Nam dui. Proin leo odio, porttitor id, consequat in, consequat ut, nulla.');
INSERT INTO Anuncio(id, preco, data, condicao, anunciante, evento, descricao)
	VALUES(31, 35817, '2016-07-05', 'used', 'sskip6@slideshare.net', 2019, 'Nulla nisl. Nunc nisl. Duis bibendum, felis sed interdum venenatis, turpis enim blandit mi, in porttitor pede justo eu massa. Donec dapibus. Duis at velit eu est congue elementum. In hac habitasse platea dictumst. Morbi vestibulum, velit id pretium iaculis, diam erat fermentum justo, nec condimentum neque sapien placerat ante. Nulla justo. Aliquam quis turpis eget elit sodales scelerisque.');
INSERT INTO Anuncio(id, preco, data, condicao, anunciante, evento, descricao)
	VALUES(32, 34904, '2020-03-10', 'used', 'gsympson7@nytimes.com', 2013, 'Duis bibendum. Morbi non quam nec dui luctus rutrum. Nulla tellus. In sagittis dui vel nisl.');
INSERT INTO Anuncio(id, preco, data, condicao, anunciante, evento, descricao)
	VALUES(33, 39878, '2018-01-26', 'used', 'aawcoate8@fotki.com', 2019, 'Mauris sit amet eros. Suspendisse accumsan tortor quis turpis. Sed ante. Vivamus tortor. Duis mattis egestas metus. Aenean fermentum. Donec ut mauris eget massa tempor convallis. Nulla neque libero, convallis eget, eleifend luctus, ultricies eu, nibh. Quisque id justo sit amet sapien dignissim vestibulum.');
INSERT INTO Anuncio(id, preco, data, condicao, anunciante, evento, descricao)
	VALUES(34, 3910, '2013-09-20', 'used', 'dboraston5@mozilla.com', 2015, 'Nullam porttitor lacus at turpis. Donec posuere metus vitae ipsum. Aliquam non mauris. Morbi non lectus. Aliquam sit amet diam in magna bibendum imperdiet. Nullam orci pede, venenatis non, sodales sed, tincidunt eu, felis. Fusce posuere felis sed lacus. Morbi sem mauris, laoreet ut, rhoncus aliquet, pulvinar sed, nisl.');
INSERT INTO Anuncio(id, preco, data, condicao, anunciante, evento, descricao)
	VALUES(35, 84967, '2014-01-03', 'used', 'sskip6@slideshare.net', 2018, '"In quis justo. Maecenas rhoncus aliquam lacus. Morbi quis tortor id nulla ultrices aliquet. Maecenas leo odio, condimentum id, luctus nec, molestie sed, justo. Pellentesque viverra pede ac diam. Cras pellentesque volutpat dui. Maecenas tristique, est et tempus semper, est quam pharetra magna, ac consequat metus sapien ut nunc. Vestibulum ante ipsum primis in faucibus orci luctus et ultrices posuere cubilia Curae');
INSERT INTO Anuncio(id, preco, data, condicao, anunciante, evento, descricao)
	VALUES(36, 85021, '2016-03-22', 'used', 'gsympson7@nytimes.com', 2016, 'In hac habitasse platea dictumst. Morbi vestibulum, velit id pretium iaculis, diam erat fermentum justo, nec condimentum neque sapien placerat ante. Nulla justo. Aliquam quis turpis eget elit sodales scelerisque. Mauris sit amet eros. Suspendisse accumsan tortor quis turpis. Sed ante. Vivamus tortor. Duis mattis egestas metus.');
INSERT INTO Anuncio(id, preco, data, condicao, anunciante, evento, descricao)
	VALUES(37, 68818, '2015-10-21', 'used', 'aawcoate8@fotki.com', 2019, 'Cras mi pede, malesuada in, imperdiet et, commodo vulputate, justo. In blandit ultrices enim. Lorem ipsum dolor sit amet, consectetuer adipiscing elit. Proin interdum mauris non ligula pellentesque ultrices. Phasellus id sapien in sapien iaculis congue.');
INSERT INTO Anuncio(id, preco, data, condicao, anunciante, evento, descricao)
	VALUES(38, 31331, '2015-03-14', 'used', 'blustyf@skyrock.com', 2015, 'Mauris sit amet eros. Suspendisse accumsan tortor quis turpis. Sed ante. Vivamus tortor. Duis mattis egestas metus. Aenean fermentum. Donec ut mauris eget massa tempor convallis. Nulla neque libero, convallis eget, eleifend luctus, ultricies eu, nibh.');
INSERT INTO Anuncio(id, preco, data, condicao, anunciante, evento, descricao)
	VALUES(39, 63179, '2019-01-01', 'used', 'jadamog@fema.gov', 2014, '"Quisque id justo sit amet sapien dignissim vestibulum. Vestibulum ante ipsum primis in faucibus orci luctus et ultrices posuere cubilia Curae');
INSERT INTO Anuncio(id, preco, data, condicao, anunciante, evento, descricao)
	VALUES(40, 17295, '2017-10-10', 'used', 'gdrewetth@theguardian.com', 2019, 'In hac habitasse platea dictumst. Morbi vestibulum, velit id pretium iaculis, diam erat fermentum justo, nec condimentum neque sapien placerat ante. Nulla justo. Aliquam quis turpis eget elit sodales scelerisque. Mauris sit amet eros. Suspendisse accumsan tortor quis turpis. Sed ante. Vivamus tortor. Duis mattis egestas metus.');
INSERT INTO Anuncio(id, preco, data, condicao, anunciante, evento, descricao)
	VALUES(41, 40530, '2016-04-14', 'used', 'cmaccafferyi@weebly.com', 2018, 'Nunc rhoncus dui vel sem. Sed sagittis. Nam congue, risus semper porta volutpat, quam pede lobortis ligula, sit amet eleifend pede libero quis orci. Nullam molestie nibh in lectus. Pellentesque at nulla. Suspendisse potenti. Cras in purus eu magna vulputate luctus. Cum sociis natoque penatibus et magnis dis parturient montes, nascetur ridiculus mus. Vivamus vestibulum sagittis sapien. Cum sociis natoque penatibus et magnis dis parturient montes, nascetur ridiculus mus.');
INSERT INTO Anuncio(id, preco, data, condicao, anunciante, evento, descricao)
	VALUES(42, 32542, '2013-07-04', 'used', 'bmatiebej@github.com', 2014, 'Vivamus tortor. Duis mattis egestas metus. Aenean fermentum. Donec ut mauris eget massa tempor convallis. Nulla neque libero, convallis eget, eleifend luctus, ultricies eu, nibh. Quisque id justo sit amet sapien dignissim vestibulum.');
INSERT INTO Anuncio(id, preco, data, condicao, anunciante, evento, descricao)
	VALUES(43, 53070, '2019-12-22', 'used', 'tmannoochk@pbs.org', 2015, 'In hac habitasse platea dictumst. Aliquam augue quam, sollicitudin vitae, consectetuer eget, rutrum at, lorem. Integer tincidunt ante vel ipsum. Praesent blandit lacinia erat. Vestibulum sed magna at nunc commodo placerat.');
INSERT INTO Anuncio(id, preco, data, condicao, anunciante, evento, descricao)
	VALUES(44, 64937, '2016-06-20', 'used', 'msigsworthl@wsj.com', 2013, 'Nullam porttitor lacus at turpis. Donec posuere metus vitae ipsum. Aliquam non mauris. Morbi non lectus. Aliquam sit amet diam in magna bibendum imperdiet. Nullam orci pede, venenatis non, sodales sed, tincidunt eu, felis. Fusce posuere felis sed lacus. Morbi sem mauris, laoreet ut, rhoncus aliquet, pulvinar sed, nisl.');
INSERT INTO Anuncio(id, preco, data, condicao, anunciante, evento, descricao)
	VALUES(45, 96085, '2017-08-20', 'used', 'rrobardeym@mapy.cz', 2013, 'Nullam porttitor lacus at turpis. Donec posuere metus vitae ipsum. Aliquam non mauris. Morbi non lectus. Aliquam sit amet diam in magna bibendum imperdiet. Nullam orci pede, venenatis non, sodales sed, tincidunt eu, felis. Fusce posuere felis sed lacus. Morbi sem mauris, laoreet ut, rhoncus aliquet, pulvinar sed, nisl.');
INSERT INTO Anuncio(id, preco, data, condicao, anunciante, evento, descricao)
	VALUES(46, 51708, '2013-08-28', 'used', 'omckilroen@newsvine.com', 2013, 'Quisque erat eros, viverra eget, congue eget, semper rutrum, nulla. Nunc purus. Phasellus in felis. Donec semper sapien a libero. Nam dui. Proin leo odio, porttitor id, consequat in, consequat ut, nulla. Sed accumsan felis. Ut at dolor quis odio consequat varius.');
INSERT INTO Anuncio(id, preco, data, condicao, anunciante, evento, descricao)
	VALUES(47, 93903, '2013-08-06', 'used', 'mmccarvero@kickstarter.com', 2017, 'Proin interdum mauris non ligula pellentesque ultrices. Phasellus id sapien in sapien iaculis congue. Vivamus metus arcu, adipiscing molestie, hendrerit at, vulputate vitae, nisl. Aenean lectus. Pellentesque eget nunc. Donec quis orci eget orci vehicula condimentum. Curabitur in libero ut massa volutpat convallis. Morbi odio odio, elementum eu, interdum eu, tincidunt in, leo. Maecenas pulvinar lobortis est.');
INSERT INTO Anuncio(id, preco, data, condicao, anunciante, evento, descricao)
	VALUES(48, 44261, '2016-06-16', 'used', 'cfalloonp@tinyurl.com', 2016, 'Nulla mollis molestie lorem. Quisque ut erat. Curabitur gravida nisi at nibh. In hac habitasse platea dictumst. Aliquam augue quam, sollicitudin vitae, consectetuer eget, rutrum at, lorem. Integer tincidunt ante vel ipsum. Praesent blandit lacinia erat. Vestibulum sed magna at nunc commodo placerat. Praesent blandit. Nam nulla.');
INSERT INTO Anuncio(id, preco, data, condicao, anunciante, evento, descricao)
	VALUES(49, 10843, '2018-04-25', 'used', 'wlawrinsonq@printfriendly.com', 2013, 'Aenean lectus. Pellentesque eget nunc. Donec quis orci eget orci vehicula condimentum. Curabitur in libero ut massa volutpat convallis. Morbi odio odio, elementum eu, interdum eu, tincidunt in, leo.');
INSERT INTO Anuncio(id, preco, data, condicao, anunciante, evento, descricao)
	VALUES(50, 79065, '2015-12-23', 'used', 'cfalloonp@tinyurl.com', 2019, '"Vestibulum ante ipsum primis in faucibus orci luctus et ultrices posuere cubilia Curae');
INSERT INTO Anuncio(id, preco, data, condicao, anunciante, evento, descricao)
	VALUES(51, 40526, '2016-02-14', 'used', 'rneillansw@accuweather.com', 2016, 'Cras non velit nec nisi vulputate nonummy. Maecenas tincidunt lacus at velit. Vivamus vel nulla eget eros elementum pellentesque. Quisque porta volutpat erat. Quisque erat eros, viverra eget, congue eget, semper rutrum, nulla. Nunc purus. Phasellus in felis. Donec semper sapien a libero. Nam dui.');
INSERT INTO Anuncio(id, preco, data, condicao, anunciante, evento, descricao)
	VALUES(52, 89449, '2019-04-08', 'used', 'otrankx@ocn.ne.jp', 2017, 'Vestibulum sed magna at nunc commodo placerat. Praesent blandit. Nam nulla. Integer pede justo, lacinia eget, tincidunt eget, tempus vel, pede. Morbi porttitor lorem id ligula. Suspendisse ornare consequat lectus. In est risus, auctor sed, tristique in, tempus sit amet, sem. Fusce consequat. Nulla nisl. Nunc nisl.');
INSERT INTO Anuncio(id, preco, data, condicao, anunciante, evento, descricao)
	VALUES(53, 546, '2014-10-15', 'used', 'esteffensy@mapquest.com', 2013, 'Ut at dolor quis odio consequat varius. Integer ac leo. Pellentesque ultrices mattis odio. Donec vitae nisi. Nam ultrices, libero non mattis pulvinar, nulla pede ullamcorper augue, a suscipit nulla elit ac nulla. Sed vel enim sit amet nunc viverra dapibus. Nulla suscipit ligula in lacus.');
INSERT INTO Anuncio(id, preco, data, condicao, anunciante, evento, descricao)
	VALUES(54, 70046, '2018-08-21', 'used', 'sscadez@samsung.com', 2013, 'Maecenas ut massa quis augue luctus tincidunt. Nulla mollis molestie lorem. Quisque ut erat. Curabitur gravida nisi at nibh. In hac habitasse platea dictumst. Aliquam augue quam, sollicitudin vitae, consectetuer eget, rutrum at, lorem. Integer tincidunt ante vel ipsum. Praesent blandit lacinia erat.');
INSERT INTO Anuncio(id, preco, data, condicao, anunciante, evento, descricao)
	VALUES(55, 47385, '2015-12-08', 'used', 'sskip6@slideshare.net', 2017, '"Maecenas rhoncus aliquam lacus. Morbi quis tortor id nulla ultrices aliquet. Maecenas leo odio, condimentum id, luctus nec, molestie sed, justo. Pellentesque viverra pede ac diam. Cras pellentesque volutpat dui. Maecenas tristique, est et tempus semper, est quam pharetra magna, ac consequat metus sapien ut nunc. Vestibulum ante ipsum primis in faucibus orci luctus et ultrices posuere cubilia Curae');
INSERT INTO Anuncio(id, preco, data, condicao, anunciante, evento, descricao)
	VALUES(56, 67718, '2018-09-26', 'used', 'gsympson7@nytimes.com', 2018, 'Cras non velit nec nisi vulputate nonummy. Maecenas tincidunt lacus at velit. Vivamus vel nulla eget eros elementum pellentesque. Quisque porta volutpat erat. Quisque erat eros, viverra eget, congue eget, semper rutrum, nulla. Nunc purus. Phasellus in felis. Donec semper sapien a libero. Nam dui.');
INSERT INTO Anuncio(id, preco, data, condicao, anunciante, evento, descricao)
	VALUES(57, 78065, '2020-01-26', 'used', 'aawcoate8@fotki.com', 2017, '"Vivamus tortor. Duis mattis egestas metus. Aenean fermentum. Donec ut mauris eget massa tempor convallis. Nulla neque libero, convallis eget, eleifend luctus, ultricies eu, nibh. Quisque id justo sit amet sapien dignissim vestibulum. Vestibulum ante ipsum primis in faucibus orci luctus et ultrices posuere cubilia Curae');
INSERT INTO Anuncio(id, preco, data, condicao, anunciante, evento, descricao)
	VALUES(58, 47990, '2016-04-04', 'used', 'sskip6@slideshare.net', 2019, 'Suspendisse ornare consequat lectus. In est risus, auctor sed, tristique in, tempus sit amet, sem. Fusce consequat. Nulla nisl. Nunc nisl. Duis bibendum, felis sed interdum venenatis, turpis enim blandit mi, in porttitor pede justo eu massa. Donec dapibus. Duis at velit eu est congue elementum. In hac habitasse platea dictumst. Morbi vestibulum, velit id pretium iaculis, diam erat fermentum justo, nec condimentum neque sapien placerat ante.');
INSERT INTO Anuncio(id, preco, data, condicao, anunciante, evento, descricao)
	VALUES(59, 72371, '2019-10-02', 'used', 'gsympson7@nytimes.com', 2016, 'In quis justo. Maecenas rhoncus aliquam lacus. Morbi quis tortor id nulla ultrices aliquet. Maecenas leo odio, condimentum id, luctus nec, molestie sed, justo. Pellentesque viverra pede ac diam. Cras pellentesque volutpat dui.');
INSERT INTO Anuncio(id, preco, data, condicao, anunciante, evento, descricao)
	VALUES(60, 90911, '2014-08-01', 'used', 'aawcoate8@fotki.com', 2014, 'Sed vel enim sit amet nunc viverra dapibus. Nulla suscipit ligula in lacus. Curabitur at ipsum ac tellus semper interdum. Mauris ullamcorper purus sit amet nulla.');
INSERT INTO Anuncio(id, preco, data, condicao, anunciante, evento, descricao)
	VALUES(61, 63195, '2013-07-12', 'used', 'blustyf@skyrock.com', 2014, '"Maecenas tristique, est et tempus semper, est quam pharetra magna, ac consequat metus sapien ut nunc. Vestibulum ante ipsum primis in faucibus orci luctus et ultrices posuere cubilia Curae');
INSERT INTO Anuncio(id, preco, data, condicao, anunciante, evento, descricao)
	VALUES(62, 69672, '2018-05-04', 'used', 'jadamog@fema.gov', 2015, 'Pellentesque eget nunc. Donec quis orci eget orci vehicula condimentum. Curabitur in libero ut massa volutpat convallis. Morbi odio odio, elementum eu, interdum eu, tincidunt in, leo. Maecenas pulvinar lobortis est. Phasellus sit amet erat. Nulla tempus. Vivamus in felis eu sapien cursus vestibulum.');
INSERT INTO Anuncio(id, preco, data, condicao, anunciante, evento, descricao)
	VALUES(63, 40964, '2015-08-16', 'used', 'gdrewetth@theguardian.com', 2016, 'Fusce consequat. Nulla nisl. Nunc nisl. Duis bibendum, felis sed interdum venenatis, turpis enim blandit mi, in porttitor pede justo eu massa. Donec dapibus. Duis at velit eu est congue elementum. In hac habitasse platea dictumst. Morbi vestibulum, velit id pretium iaculis, diam erat fermentum justo, nec condimentum neque sapien placerat ante. Nulla justo. Aliquam quis turpis eget elit sodales scelerisque.');
INSERT INTO Anuncio(id, preco, data, condicao, anunciante, evento, descricao)
	VALUES(64, 39532, '2016-04-07', 'used', 'cmaccafferyi@weebly.com', 2014, 'Duis ac nibh. Fusce lacus purus, aliquet at, feugiat non, pretium quis, lectus. Suspendisse potenti. In eleifend quam a odio. In hac habitasse platea dictumst. Maecenas ut massa quis augue luctus tincidunt. Nulla mollis molestie lorem.');
INSERT INTO Anuncio(id, preco, data, condicao, anunciante, evento, descricao)
	VALUES(65, 51902, '2019-01-11', 'used', 'bmatiebej@github.com', 2017, 'Nulla nisl. Nunc nisl. Duis bibendum, felis sed interdum venenatis, turpis enim blandit mi, in porttitor pede justo eu massa. Donec dapibus. Duis at velit eu est congue elementum. In hac habitasse platea dictumst. Morbi vestibulum, velit id pretium iaculis, diam erat fermentum justo, nec condimentum neque sapien placerat ante. Nulla justo. Aliquam quis turpis eget elit sodales scelerisque. Mauris sit amet eros.');
INSERT INTO Anuncio(id, preco, data, condicao, anunciante, evento, descricao)
	VALUES(66, 94544, '2013-12-20', 'used', 'tmannoochk@pbs.org', 2015, 'In congue. Etiam justo. Etiam pretium iaculis justo. In hac habitasse platea dictumst. Etiam faucibus cursus urna. Ut tellus. Nulla ut erat id mauris vulputate elementum. Nullam varius. Nulla facilisi. Cras non velit nec nisi vulputate nonummy.');
INSERT INTO Anuncio(id, preco, data, condicao, anunciante, evento, descricao)
	VALUES(67, 40457, '2017-04-15', 'used', 'msigsworthl@wsj.com', 2016, 'Vestibulum sed magna at nunc commodo placerat. Praesent blandit. Nam nulla. Integer pede justo, lacinia eget, tincidunt eget, tempus vel, pede. Morbi porttitor lorem id ligula. Suspendisse ornare consequat lectus. In est risus, auctor sed, tristique in, tempus sit amet, sem. Fusce consequat. Nulla nisl.');
INSERT INTO Anuncio(id, preco, data, condicao, anunciante, evento, descricao)
	VALUES(68, 41311, '2015-04-17', 'used', 'rrobardeym@mapy.cz', 2015, '"Donec diam neque, vestibulum eget, vulputate ut, ultrices vel, augue. Vestibulum ante ipsum primis in faucibus orci luctus et ultrices posuere cubilia Curae');
INSERT INTO Anuncio(id, preco, data, condicao, anunciante, evento, descricao)
	VALUES(69, 90401, '2013-02-03', 'used', 'omckilroen@newsvine.com', 2018, 'Morbi a ipsum. Integer a nibh. In quis justo. Maecenas rhoncus aliquam lacus. Morbi quis tortor id nulla ultrices aliquet. Maecenas leo odio, condimentum id, luctus nec, molestie sed, justo. Pellentesque viverra pede ac diam. Cras pellentesque volutpat dui.');
INSERT INTO Anuncio(id, preco, data, condicao, anunciante, evento, descricao)
	VALUES(70, 43237, '2014-03-23', 'used', 'mmccarvero@kickstarter.com', 2013, 'Nulla mollis molestie lorem. Quisque ut erat. Curabitur gravida nisi at nibh. In hac habitasse platea dictumst. Aliquam augue quam, sollicitudin vitae, consectetuer eget, rutrum at, lorem. Integer tincidunt ante vel ipsum.');
INSERT INTO Anuncio(id, preco, data, condicao, anunciante, evento, descricao)
	VALUES(71, 63814, '2014-08-21', 'used', 'cfalloonp@tinyurl.com', 2018, 'Nullam orci pede, venenatis non, sodales sed, tincidunt eu, felis. Fusce posuere felis sed lacus. Morbi sem mauris, laoreet ut, rhoncus aliquet, pulvinar sed, nisl. Nunc rhoncus dui vel sem. Sed sagittis. Nam congue, risus semper porta volutpat, quam pede lobortis ligula, sit amet eleifend pede libero quis orci. Nullam molestie nibh in lectus. Pellentesque at nulla. Suspendisse potenti. Cras in purus eu magna vulputate luctus.');
INSERT INTO Anuncio(id, preco, data, condicao, anunciante, evento, descricao)
	VALUES(72, 74845, '2017-09-16', 'used', 'wlawrinsonq@printfriendly.com', 2013, 'Donec quis orci eget orci vehicula condimentum. Curabitur in libero ut massa volutpat convallis. Morbi odio odio, elementum eu, interdum eu, tincidunt in, leo. Maecenas pulvinar lobortis est. Phasellus sit amet erat. Nulla tempus. Vivamus in felis eu sapien cursus vestibulum. Proin eu mi. Nulla ac enim. In tempor, turpis nec euismod scelerisque, quam turpis adipiscing lorem, vitae mattis nibh ligula nec sem.');
INSERT INTO Anuncio(id, preco, data, condicao, anunciante, evento, descricao)
	VALUES(73, 41827, '2018-11-11', 'used', 'sedmonston1l@fc2.com', 2020, 'In hac habitasse platea dictumst. Morbi vestibulum, velit id pretium iaculis, diam erat fermentum justo, nec condimentum neque sapien placerat ante. Nulla justo. Aliquam quis turpis eget elit sodales scelerisque. Mauris sit amet eros. Suspendisse accumsan tortor quis turpis. Sed ante. Vivamus tortor. Duis mattis egestas metus.');
INSERT INTO Anuncio(id, preco, data, condicao, anunciante, evento, descricao)
	VALUES(74, 13568, '2015-03-07', 'used', 'lcawdell1m@123-reg.co.uk', 2020, 'In congue. Etiam justo. Etiam pretium iaculis justo. In hac habitasse platea dictumst.');
INSERT INTO Anuncio(id, preco, data, condicao, anunciante, evento, descricao)
	VALUES(75, 39768, '2016-07-17', 'used', 'sskip6@slideshare.net', 2019, 'Pellentesque at nulla. Suspendisse potenti. Cras in purus eu magna vulputate luctus. Cum sociis natoque penatibus et magnis dis parturient montes, nascetur ridiculus mus. Vivamus vestibulum sagittis sapien.');
INSERT INTO Anuncio(id, preco, data, condicao, anunciante, evento, descricao)
	VALUES(76, 14305, '2018-12-17', 'used', 'gsympson7@nytimes.com', 2016, 'Nulla mollis molestie lorem. Quisque ut erat. Curabitur gravida nisi at nibh. In hac habitasse platea dictumst. Aliquam augue quam, sollicitudin vitae, consectetuer eget, rutrum at, lorem. Integer tincidunt ante vel ipsum. Praesent blandit lacinia erat. Vestibulum sed magna at nunc commodo placerat. Praesent blandit. Nam nulla.');
INSERT INTO Anuncio(id, preco, data, condicao, anunciante, evento, descricao)
	VALUES(77, 76631, '2018-02-25', 'used', 'aawcoate8@fotki.com', 2016, 'Phasellus sit amet erat. Nulla tempus. Vivamus in felis eu sapien cursus vestibulum. Proin eu mi. Nulla ac enim.');
INSERT INTO Anuncio(id, preco, data, condicao, anunciante, evento, descricao)
	VALUES(78, 74938, '2014-01-09', 'used', 'blustyf@skyrock.com', 2019, 'Morbi non quam nec dui luctus rutrum. Nulla tellus. In sagittis dui vel nisl. Duis ac nibh. Fusce lacus purus, aliquet at, feugiat non, pretium quis, lectus. Suspendisse potenti. In eleifend quam a odio. In hac habitasse platea dictumst. Maecenas ut massa quis augue luctus tincidunt.');
INSERT INTO Anuncio(id, preco, data, condicao, anunciante, evento, descricao)
	VALUES(79, 20019, '2018-06-19', 'used', 'jadamog@fema.gov', 2014, '"Cras pellentesque volutpat dui. Maecenas tristique, est et tempus semper, est quam pharetra magna, ac consequat metus sapien ut nunc. Vestibulum ante ipsum primis in faucibus orci luctus et ultrices posuere cubilia Curae');
INSERT INTO Anuncio(id, preco, data, condicao, anunciante, evento, descricao)
	VALUES(80, 44043, '2016-10-23', 'used', 'gdrewetth@theguardian.com', 2019, 'Proin interdum mauris non ligula pellentesque ultrices. Phasellus id sapien in sapien iaculis congue. Vivamus metus arcu, adipiscing molestie, hendrerit at, vulputate vitae, nisl. Aenean lectus. Pellentesque eget nunc. Donec quis orci eget orci vehicula condimentum. Curabitur in libero ut massa volutpat convallis. Morbi odio odio, elementum eu, interdum eu, tincidunt in, leo. Maecenas pulvinar lobortis est.');
INSERT INTO Anuncio(id, preco, data, condicao, anunciante, evento, descricao)
	VALUES(81, 23424, '2013-06-09', 'used', 'cmaccafferyi@weebly.com', 2016, '"In tempor, turpis nec euismod scelerisque, quam turpis adipiscing lorem, vitae mattis nibh ligula nec sem. Duis aliquam convallis nunc. Proin at turpis a pede posuere nonummy. Integer non velit. Donec diam neque, vestibulum eget, vulputate ut, ultrices vel, augue. Vestibulum ante ipsum primis in faucibus orci luctus et ultrices posuere cubilia Curae');
INSERT INTO Anuncio(id, preco, data, condicao, anunciante, evento, descricao)
	VALUES(82, 60396, '2019-11-23', 'semi-new', 'bmatiebej@github.com', 2014, 'Donec odio justo, sollicitudin ut, suscipit a, feugiat et, eros. Vestibulum ac est lacinia nisi venenatis tristique. Fusce congue, diam id ornare imperdiet, sapien urna pretium nisl, ut volutpat sapien arcu sed augue. Aliquam erat volutpat.');
INSERT INTO Anuncio(id, preco, data, condicao, anunciante, evento, descricao)
	VALUES(83, 12380, '2018-05-16', 'semi-new', 'tmannoochk@pbs.org', 2019, 'Nullam orci pede, venenatis non, sodales sed, tincidunt eu, felis. Fusce posuere felis sed lacus. Morbi sem mauris, laoreet ut, rhoncus aliquet, pulvinar sed, nisl. Nunc rhoncus dui vel sem. Sed sagittis. Nam congue, risus semper porta volutpat, quam pede lobortis ligula, sit amet eleifend pede libero quis orci. Nullam molestie nibh in lectus. Pellentesque at nulla.');
INSERT INTO Anuncio(id, preco, data, condicao, anunciante, evento, descricao)
	VALUES(84, 68350, '2014-03-23', 'semi-new', 'msigsworthl@wsj.com', 2015, 'In eleifend quam a odio. In hac habitasse platea dictumst. Maecenas ut massa quis augue luctus tincidunt. Nulla mollis molestie lorem.');
INSERT INTO Anuncio(id, preco, data, condicao, anunciante, evento, descricao)
	VALUES(85, 19573, '2016-03-30', 'semi-new', 'rrobardeym@mapy.cz', 2016, '"Pellentesque viverra pede ac diam. Cras pellentesque volutpat dui. Maecenas tristique, est et tempus semper, est quam pharetra magna, ac consequat metus sapien ut nunc. Vestibulum ante ipsum primis in faucibus orci luctus et ultrices posuere cubilia Curae');
INSERT INTO Anuncio(id, preco, data, condicao, anunciante, evento, descricao)
	VALUES(86, 48198, '2013-01-06', 'semi-new', 'omckilroen@newsvine.com', 2019, 'Nam dui. Proin leo odio, porttitor id, consequat in, consequat ut, nulla. Sed accumsan felis. Ut at dolor quis odio consequat varius. Integer ac leo.');
INSERT INTO Anuncio(id, preco, data, condicao, anunciante, evento, descricao)
	VALUES(87, 64102, '2017-11-30', 'semi-new', 'cmaccafferyi@weebly.com', 2014, '"Proin eu mi. Nulla ac enim. In tempor, turpis nec euismod scelerisque, quam turpis adipiscing lorem, vitae mattis nibh ligula nec sem. Duis aliquam convallis nunc. Proin at turpis a pede posuere nonummy. Integer non velit. Donec diam neque, vestibulum eget, vulputate ut, ultrices vel, augue. Vestibulum ante ipsum primis in faucibus orci luctus et ultrices posuere cubilia Curae');
INSERT INTO Anuncio(id, preco, data, condicao, anunciante, evento, descricao)
	VALUES(88, 20204, '2019-06-06', 'semi-new', 'bmatiebej@github.com', 2015, 'Ut tellus. Nulla ut erat id mauris vulputate elementum. Nullam varius. Nulla facilisi. Cras non velit nec nisi vulputate nonummy. Maecenas tincidunt lacus at velit. Vivamus vel nulla eget eros elementum pellentesque. Quisque porta volutpat erat.');
INSERT INTO Anuncio(id, preco, data, condicao, anunciante, evento, descricao)
	VALUES(89, 15856, '2014-12-15', 'semi-new', 'tmannoochk@pbs.org', 2014, 'In blandit ultrices enim. Lorem ipsum dolor sit amet, consectetuer adipiscing elit. Proin interdum mauris non ligula pellentesque ultrices. Phasellus id sapien in sapien iaculis congue.');
INSERT INTO Anuncio(id, preco, data, condicao, anunciante, evento, descricao)
	VALUES(90, 37588, '2015-09-01', 'semi-new', 'msigsworthl@wsj.com', 2020, 'In eleifend quam a odio. In hac habitasse platea dictumst. Maecenas ut massa quis augue luctus tincidunt. Nulla mollis molestie lorem. Quisque ut erat. Curabitur gravida nisi at nibh.');
INSERT INTO Anuncio(id, preco, data, condicao, anunciante, evento, descricao)
	VALUES(91, 35653, '2014-03-20', 'semi-new', 'rrobardeym@mapy.cz', 2020, 'In eleifend quam a odio. In hac habitasse platea dictumst. Maecenas ut massa quis augue luctus tincidunt. Nulla mollis molestie lorem.');
INSERT INTO Anuncio(id, preco, data, condicao, anunciante, evento, descricao)
	VALUES(92, 51884, '2019-11-01', 'semi-new', 'omckilroen@newsvine.com', 2015, 'Aliquam erat volutpat. In congue. Etiam justo. Etiam pretium iaculis justo. In hac habitasse platea dictumst.');
INSERT INTO Anuncio(id, preco, data, condicao, anunciante, evento, descricao)
	VALUES(93, 53005, '2016-12-12', 'semi-new', 'mmccarvero@kickstarter.com', 2017, 'In hac habitasse platea dictumst. Aliquam augue quam, sollicitudin vitae, consectetuer eget, rutrum at, lorem. Integer tincidunt ante vel ipsum. Praesent blandit lacinia erat. Vestibulum sed magna at nunc commodo placerat. Praesent blandit. Nam nulla. Integer pede justo, lacinia eget, tincidunt eget, tempus vel, pede. Morbi porttitor lorem id ligula. Suspendisse ornare consequat lectus.');
INSERT INTO Anuncio(id, preco, data, condicao, anunciante, evento, descricao)
	VALUES(94, 60872, '2019-01-25', 'semi-new', 'cfalloonp@tinyurl.com', 2016, '"Donec ut mauris eget massa tempor convallis. Nulla neque libero, convallis eget, eleifend luctus, ultricies eu, nibh. Quisque id justo sit amet sapien dignissim vestibulum. Vestibulum ante ipsum primis in faucibus orci luctus et ultrices posuere cubilia Curae');
INSERT INTO Anuncio(id, preco, data, condicao, anunciante, evento, descricao)
	VALUES(95, 51477, '2016-11-16', 'semi-new', 'wlawrinsonq@printfriendly.com', 2020, 'Cras in purus eu magna vulputate luctus. Cum sociis natoque penatibus et magnis dis parturient montes, nascetur ridiculus mus. Vivamus vestibulum sagittis sapien. Cum sociis natoque penatibus et magnis dis parturient montes, nascetur ridiculus mus. Etiam vel augue. Vestibulum rutrum rutrum neque. Aenean auctor gravida sem.');
INSERT INTO Anuncio(id, preco, data, condicao, anunciante, evento, descricao)
	VALUES(96, 22682, '2014-05-01', 'semi-new', 'vlangfield0@odnoklassniki.ru', 2016, '"Proin at turpis a pede posuere nonummy. Integer non velit. Donec diam neque, vestibulum eget, vulputate ut, ultrices vel, augue. Vestibulum ante ipsum primis in faucibus orci luctus et ultrices posuere cubilia Curae');
INSERT INTO Anuncio(id, preco, data, condicao, anunciante, evento, descricao)
	VALUES(97, 73369, '2018-05-29', 'semi-new', 'lwerrilow1@reddit.com', 2014, '"In tempor, turpis nec euismod scelerisque, quam turpis adipiscing lorem, vitae mattis nibh ligula nec sem. Duis aliquam convallis nunc. Proin at turpis a pede posuere nonummy. Integer non velit. Donec diam neque, vestibulum eget, vulputate ut, ultrices vel, augue. Vestibulum ante ipsum primis in faucibus orci luctus et ultrices posuere cubilia Curae');
INSERT INTO Anuncio(id, preco, data, condicao, anunciante, evento, descricao)
	VALUES(98, 18350, '2019-06-21', 'semi-new', 'dembra2@yolasite.com', 2020, 'Lorem ipsum dolor sit amet, consectetuer adipiscing elit. Proin risus. Praesent lectus. Vestibulum quam sapien, varius ut, blandit non, interdum in, ante.');
INSERT INTO Anuncio(id, preco, data, condicao, anunciante, evento, descricao)
	VALUES(99, 15044, '2014-10-17', 'semi-new', 'dnapoleon3@mac.com', 2014, 'Vestibulum rutrum rutrum neque. Aenean auctor gravida sem. Praesent id massa id nisl venenatis lacinia. Aenean sit amet justo. Morbi ut odio.');
INSERT INTO Anuncio(id, preco, data, condicao, anunciante, evento, descricao)
	VALUES(100, 95385, '2013-07-07', 'semi-new', 'rshynn4@elegantthemes.com', 2013, 'Mauris lacinia sapien quis libero. Nullam sit amet turpis elementum ligula vehicula consequat. Morbi a ipsum. Integer a nibh. In quis justo. Maecenas rhoncus aliquam lacus. Morbi quis tortor id nulla ultrices aliquet. Maecenas leo odio, condimentum id, luctus nec, molestie sed, justo. Pellentesque viverra pede ac diam. Cras pellentesque volutpat dui.');


-- Povoar Segmento

INSERT INTO Segmento(tipo)
	VALUES('city');
INSERT INTO Segmento(tipo)
	VALUES('coupe');
INSERT INTO Segmento(tipo)
	VALUES('moto');
INSERT INTO Segmento(tipo)
	VALUES('sedan');
INSERT INTO Segmento(tipo)
	VALUES('suv');
INSERT INTO Segmento(tipo)
	VALUES('utility');
INSERT INTO Segmento(tipo)
	VALUES('van');


-- Povoar Marcas Veiculos

INSERT INTO MarcaVeiculo(nome)
	VALUES('Audi');
INSERT INTO MarcaVeiculo(nome)
	VALUES('BMW');
INSERT INTO MarcaVeiculo(nome)
	VALUES('Chevrolet');
INSERT INTO MarcaVeiculo(nome)
	VALUES('Ducati');
INSERT INTO MarcaVeiculo(nome)
	VALUES('Ford');
INSERT INTO MarcaVeiculo(nome)
	VALUES('Honda');
INSERT INTO MarcaVeiculo(nome)
	VALUES('Jaguar');
INSERT INTO MarcaVeiculo(nome)
	VALUES('Kawasaki');
INSERT INTO MarcaVeiculo(nome)
	VALUES('Kia');
INSERT INTO MarcaVeiculo(nome)
	VALUES('Land Rover');
INSERT INTO MarcaVeiculo(nome)
	VALUES('Mazda');
INSERT INTO MarcaVeiculo(nome)
	VALUES('Mercedes-Benz');
INSERT INTO MarcaVeiculo(nome)
	VALUES('Nissan');
INSERT INTO MarcaVeiculo(nome)
	VALUES('Porsche');
INSERT INTO MarcaVeiculo(nome)
	VALUES('Suzuki');
INSERT INTO MarcaVeiculo(nome)
	VALUES('Toyota');
INSERT INTO MarcaVeiculo(nome)
	VALUES('Volkswagen');
INSERT INTO MarcaVeiculo(nome)
	VALUES('Volvo');
INSERT INTO MarcaVeiculo(nome)
	VALUES('Yamaha');


-- Povoar Modelos Veiculos

INSERT INTO ModeloVeiculo(marca, nome, potencia, cilindrada, segmento)
	VALUES('Audi', 'A1', 100, 1500, 'sedan');
INSERT INTO ModeloVeiculo(marca, nome, potencia, cilindrada, segmento)
	VALUES('Audi', 'A3', 120, 2000, 'city');
INSERT INTO ModeloVeiculo(marca, nome, potencia, cilindrada, segmento)
	VALUES('BMW', '123', 150, 1600, 'sedan');
INSERT INTO ModeloVeiculo(marca, nome, potencia, cilindrada, segmento)
	VALUES('BMW', '320', 150, 1600, 'sedan');
INSERT INTO ModeloVeiculo(marca, nome, potencia, cilindrada, segmento)
	VALUES('BMW', '330', 220, 2000, 'sedan');
INSERT INTO ModeloVeiculo(marca, nome, potencia, cilindrada, segmento)
	VALUES('BMW', '330', 220, 2000, 'van');
INSERT INTO ModeloVeiculo(marca, nome, potencia, cilindrada, segmento)
	VALUES('BMW', '550', 220, 3000, 'city');
INSERT INTO ModeloVeiculo(marca, nome, potencia, cilindrada, segmento)
	VALUES('BMW', 'M3', 300, 3000, 'sedan');
INSERT INTO ModeloVeiculo(marca, nome, potencia, cilindrada, segmento)
	VALUES('BMW', 'M5', 600, 4000, 'sedan');
INSERT INTO ModeloVeiculo(marca, nome, potencia, cilindrada, segmento)
	VALUES('BMW', 'R', 300, 1000, 'moto');
INSERT INTO ModeloVeiculo(marca, nome, potencia, cilindrada, segmento)
	VALUES('BMW', 'i3', 75, 0, 'utility');
INSERT INTO ModeloVeiculo(marca, nome, potencia, cilindrada, segmento)
	VALUES('BMW', 'i8', 400, 3000, 'coupe');
INSERT INTO ModeloVeiculo(marca, nome, potencia, cilindrada, segmento)
	VALUES('Chevrolet', 'Camaro', 120, 2000, 'sedan');
INSERT INTO ModeloVeiculo(marca, nome, potencia, cilindrada, segmento)
	VALUES('Chevrolet', 'Camaro', 120, 2000, 'suv');
INSERT INTO ModeloVeiculo(marca, nome, potencia, cilindrada, segmento)
	VALUES('Chevrolet', 'Captiva', 120, 2000, 'city');
INSERT INTO ModeloVeiculo(marca, nome, potencia, cilindrada, segmento)
	VALUES('Chevrolet', 'Captiva', 120, 2000, 'sedan');
INSERT INTO ModeloVeiculo(marca, nome, potencia, cilindrada, segmento)
	VALUES('Chevrolet', 'Impala', 120, 2000, 'suv');
INSERT INTO ModeloVeiculo(marca, nome, potencia, cilindrada, segmento)
	VALUES('Chevrolet', 'Impala', 120, 2000, 'utility');
INSERT INTO ModeloVeiculo(marca, nome, potencia, cilindrada, segmento)
	VALUES('Ducati', '959', 120, 250, 'moto');
INSERT INTO ModeloVeiculo(marca, nome, potencia, cilindrada, segmento)
	VALUES('Ducati', 'Monster', 120, 350, 'moto');
INSERT INTO ModeloVeiculo(marca, nome, potencia, cilindrada, segmento)
	VALUES('Ducati', 'Multistrada', 120, 250, 'moto');
INSERT INTO ModeloVeiculo(marca, nome, potencia, cilindrada, segmento)
	VALUES('Ford', 'Fiesta', 100, 1400, 'utility');
INSERT INTO ModeloVeiculo(marca, nome, potencia, cilindrada, segmento)
	VALUES('Ford', 'Fiesta', 110, 1500, 'utility');
INSERT INTO ModeloVeiculo(marca, nome, potencia, cilindrada, segmento)
	VALUES('Ford', 'Fiesta', 110, 1600, 'city');
INSERT INTO ModeloVeiculo(marca, nome, potencia, cilindrada, segmento)
	VALUES('Ford', 'Focus', 110, 1500, 'utility');
INSERT INTO ModeloVeiculo(marca, nome, potencia, cilindrada, segmento)
	VALUES('Ford', 'Focus', 120, 1400, 'sedan');
INSERT INTO ModeloVeiculo(marca, nome, potencia, cilindrada, segmento)
	VALUES('Ford', 'Focus', 130, 1600, 'sedan');
INSERT INTO ModeloVeiculo(marca, nome, potencia, cilindrada, segmento)
	VALUES('Ford', 'Mustang', 400, 4000, 'coupe');
INSERT INTO ModeloVeiculo(marca, nome, potencia, cilindrada, segmento)
	VALUES('Ford', 'Transit', 160, 2200, 'van');
INSERT INTO ModeloVeiculo(marca, nome, potencia, cilindrada, segmento)
	VALUES('Honda', 'CBR', 100, 500, 'moto');
INSERT INTO ModeloVeiculo(marca, nome, potencia, cilindrada, segmento)
	VALUES('Honda', 'Civic', 110, 1600, 'city');
INSERT INTO ModeloVeiculo(marca, nome, potencia, cilindrada, segmento)
	VALUES('Jaguar', 'F-Type', 400, 3000, 'coupe');
INSERT INTO ModeloVeiculo(marca, nome, potencia, cilindrada, segmento)
	VALUES('Jaguar', 'XF', 200, 2000, 'sedan');
INSERT INTO ModeloVeiculo(marca, nome, potencia, cilindrada, segmento)
	VALUES('Kawasaki', 'Ninja', 100, 500, 'moto');
INSERT INTO ModeloVeiculo(marca, nome, potencia, cilindrada, segmento)
	VALUES('Kia', 'Ceed', 110, 1600, 'city');
INSERT INTO ModeloVeiculo(marca, nome, potencia, cilindrada, segmento)
	VALUES('Land Rover', 'Range Rover', 200, 3000, 'suv');
INSERT INTO ModeloVeiculo(marca, nome, potencia, cilindrada, segmento)
	VALUES('Land Rover', 'Range Rover', 300, 3000, 'suv');
INSERT INTO ModeloVeiculo(marca, nome, potencia, cilindrada, segmento)
	VALUES('Land Rover', 'Range Rover', 400, 3000, 'suv');
INSERT INTO ModeloVeiculo(marca, nome, potencia, cilindrada, segmento)
	VALUES('Mazda', 'MX-3', 110, 1500, 'utility');
INSERT INTO ModeloVeiculo(marca, nome, potencia, cilindrada, segmento)
	VALUES('Mazda', 'MX-5', 110, 1500, 'utility');
INSERT INTO ModeloVeiculo(marca, nome, potencia, cilindrada, segmento)
	VALUES('Mazda', 'MX-5', 150, 1500, 'sedan');
INSERT INTO ModeloVeiculo(marca, nome, potencia, cilindrada, segmento)
	VALUES('Mercedes-Benz', 'A180', 110, 1500, 'city');
INSERT INTO ModeloVeiculo(marca, nome, potencia, cilindrada, segmento)
	VALUES('Mercedes-Benz', 'A45', 300, 2000, 'city');
INSERT INTO ModeloVeiculo(marca, nome, potencia, cilindrada, segmento)
	VALUES('Mercedes-Benz', 'C63', 400, 3000, 'coupe');
INSERT INTO ModeloVeiculo(marca, nome, potencia, cilindrada, segmento)
	VALUES('Mercedes-Benz', 'E43', 400, 3000, 'coupe');
INSERT INTO ModeloVeiculo(marca, nome, potencia, cilindrada, segmento)
	VALUES('Mercedes-Benz', 'S63', 400, 4000, 'sedan');
INSERT INTO ModeloVeiculo(marca, nome, potencia, cilindrada, segmento)
	VALUES('Nissan', 'GT-R', 400, 3000, 'coupe');
INSERT INTO ModeloVeiculo(marca, nome, potencia, cilindrada, segmento)
	VALUES('Nissan', 'Juke', 75, 1000, 'suv');
INSERT INTO ModeloVeiculo(marca, nome, potencia, cilindrada, segmento)
	VALUES('Nissan', 'Juke', 75, 1100, 'suv');
INSERT INTO ModeloVeiculo(marca, nome, potencia, cilindrada, segmento)
	VALUES('Nissan', 'Pixar', 110, 1600, 'city');
INSERT INTO ModeloVeiculo(marca, nome, potencia, cilindrada, segmento)
	VALUES('Porsche', '911', 400, 3000, 'coupe');
INSERT INTO ModeloVeiculo(marca, nome, potencia, cilindrada, segmento)
	VALUES('Suzuki', 'V40', 100, 500, 'moto');
INSERT INTO ModeloVeiculo(marca, nome, potencia, cilindrada, segmento)
	VALUES('Toyota', 'Corolla', 120, 1500, 'sedan');
INSERT INTO ModeloVeiculo(marca, nome, potencia, cilindrada, segmento)
	VALUES('Toyota', 'Yaris', 110, 1600, 'city');
INSERT INTO ModeloVeiculo(marca, nome, potencia, cilindrada, segmento)
	VALUES('Volkswagen', 'Golf', 110, 2000, 'city');
INSERT INTO ModeloVeiculo(marca, nome, potencia, cilindrada, segmento)
	VALUES('Volkswagen', 'Passat', 150, 2000, 'van');
INSERT INTO ModeloVeiculo(marca, nome, potencia, cilindrada, segmento)
	VALUES('Volkswagen', 'Polo', 110, 1600, 'city');
INSERT INTO ModeloVeiculo(marca, nome, potencia, cilindrada, segmento)
	VALUES('Volvo', 'V40', 110, 2000, 'suv');
INSERT INTO ModeloVeiculo(marca, nome, potencia, cilindrada, segmento)
	VALUES('Volvo', 'V40', 220, 3000, 'coupe');
INSERT INTO ModeloVeiculo(marca, nome, potencia, cilindrada, segmento)
	VALUES('Volvo', 'V90', 110, 2000, 'city');
INSERT INTO ModeloVeiculo(marca, nome, potencia, cilindrada, segmento)
	VALUES('Volvo', 'V90', 120, 1500, 'sedan');
INSERT INTO ModeloVeiculo(marca, nome, potencia, cilindrada, segmento)
	VALUES('Yamaha', 'MT-07', 100, 250, 'moto');
INSERT INTO ModeloVeiculo(marca, nome, potencia, cilindrada, segmento)
	VALUES('Yamaha', 'MT-09', 100, 250, 'moto');
INSERT INTO ModeloVeiculo(marca, nome, potencia, cilindrada, segmento)
	VALUES('Yamaha', 'R1', 100, 500, 'moto');


-- Povoar Cores

INSERT INTO Cor(nome)
	VALUES('black');
INSERT INTO Cor(nome)
	VALUES('blue');
INSERT INTO Cor(nome)
	VALUES('green');
INSERT INTO Cor(nome)
	VALUES('grey');
INSERT INTO Cor(nome)
	VALUES('pink');
INSERT INTO Cor(nome)
	VALUES('purple');
INSERT INTO Cor(nome)
	VALUES('red');
INSERT INTO Cor(nome)
	VALUES('white');


-- Povoar Registo

INSERT INTO Registo(ano, mes)
	VALUES(1962, 4);
INSERT INTO Registo(ano, mes)
	VALUES(1985, 10);
INSERT INTO Registo(ano, mes)
	VALUES(1986, 9);
INSERT INTO Registo(ano, mes)
	VALUES(1988, 3);
INSERT INTO Registo(ano, mes)
	VALUES(1989, 5);
INSERT INTO Registo(ano, mes)
	VALUES(1990, 2);
INSERT INTO Registo(ano, mes)
	VALUES(1990, 4);
INSERT INTO Registo(ano, mes)
	VALUES(1992, 1);
INSERT INTO Registo(ano, mes)
	VALUES(1992, 12);
INSERT INTO Registo(ano, mes)
	VALUES(1992, 9);
INSERT INTO Registo(ano, mes)
	VALUES(1993, 10);
INSERT INTO Registo(ano, mes)
	VALUES(1993, 11);
INSERT INTO Registo(ano, mes)
	VALUES(1993, 7);
INSERT INTO Registo(ano, mes)
	VALUES(1994, 12);
INSERT INTO Registo(ano, mes)
	VALUES(1994, 2);
INSERT INTO Registo(ano, mes)
	VALUES(1994, 3);
INSERT INTO Registo(ano, mes)
	VALUES(1994, 4);
INSERT INTO Registo(ano, mes)
	VALUES(1994, 7);
INSERT INTO Registo(ano, mes)
	VALUES(1994, 9);
INSERT INTO Registo(ano, mes)
	VALUES(1995, 10);
INSERT INTO Registo(ano, mes)
	VALUES(1995, 11);
INSERT INTO Registo(ano, mes)
	VALUES(1995, 7);
INSERT INTO Registo(ano, mes)
	VALUES(1997, 1);
INSERT INTO Registo(ano, mes)
	VALUES(1997, 8);
INSERT INTO Registo(ano, mes)
	VALUES(1998, 10);
INSERT INTO Registo(ano, mes)
	VALUES(1998, 12);
INSERT INTO Registo(ano, mes)
	VALUES(1998, 2);
INSERT INTO Registo(ano, mes)
	VALUES(1998, 9);
INSERT INTO Registo(ano, mes)
	VALUES(1999, 1);
INSERT INTO Registo(ano, mes)
	VALUES(1999, 10);
INSERT INTO Registo(ano, mes)
	VALUES(1999, 5);
INSERT INTO Registo(ano, mes)
	VALUES(1999, 8);
INSERT INTO Registo(ano, mes)
	VALUES(2001, 9);
INSERT INTO Registo(ano, mes)
	VALUES(2002, 1);
INSERT INTO Registo(ano, mes)
	VALUES(2002, 10);
INSERT INTO Registo(ano, mes)
	VALUES(2002, 2);
INSERT INTO Registo(ano, mes)
	VALUES(2002, 4);
INSERT INTO Registo(ano, mes)
	VALUES(2002, 6);
INSERT INTO Registo(ano, mes)
	VALUES(2003, 1);
INSERT INTO Registo(ano, mes)
	VALUES(2003, 12);
INSERT INTO Registo(ano, mes)
	VALUES(2003, 6);
INSERT INTO Registo(ano, mes)
	VALUES(2003, 7);
INSERT INTO Registo(ano, mes)
	VALUES(2003, 8);
INSERT INTO Registo(ano, mes)
	VALUES(2004, 10);
INSERT INTO Registo(ano, mes)
	VALUES(2004, 4);
INSERT INTO Registo(ano, mes)
	VALUES(2004, 5);
INSERT INTO Registo(ano, mes)
	VALUES(2004, 7);
INSERT INTO Registo(ano, mes)
	VALUES(2005, 11);
INSERT INTO Registo(ano, mes)
	VALUES(2005, 2);
INSERT INTO Registo(ano, mes)
	VALUES(2005, 3);
INSERT INTO Registo(ano, mes)
	VALUES(2006, 12);
INSERT INTO Registo(ano, mes)
	VALUES(2006, 8);
INSERT INTO Registo(ano, mes)
	VALUES(2007, 1);
INSERT INTO Registo(ano, mes)
	VALUES(2007, 3);
INSERT INTO Registo(ano, mes)
	VALUES(2007, 5);
INSERT INTO Registo(ano, mes)
	VALUES(2008, 11);
INSERT INTO Registo(ano, mes)
	VALUES(2008, 6);
INSERT INTO Registo(ano, mes)
	VALUES(2008, 8);
INSERT INTO Registo(ano, mes)
	VALUES(2009, 1);
INSERT INTO Registo(ano, mes)
	VALUES(2009, 5);
INSERT INTO Registo(ano, mes)
	VALUES(2009, 6);
INSERT INTO Registo(ano, mes)
	VALUES(2009, 7);
INSERT INTO Registo(ano, mes)
	VALUES(2009, 9);
INSERT INTO Registo(ano, mes)
	VALUES(2010, 12);
INSERT INTO Registo(ano, mes)
	VALUES(2010, 2);
INSERT INTO Registo(ano, mes)
	VALUES(2010, 4);
INSERT INTO Registo(ano, mes)
	VALUES(2010, 5);
INSERT INTO Registo(ano, mes)
	VALUES(2011, 4);
INSERT INTO Registo(ano, mes)
	VALUES(2011, 8);
INSERT INTO Registo(ano, mes)
	VALUES(2012, 1);
INSERT INTO Registo(ano, mes)
	VALUES(2012, 6);
INSERT INTO Registo(ano, mes)
	VALUES(2012, 8);
INSERT INTO Registo(ano, mes)
	VALUES(2012, 9);
INSERT INTO Registo(ano, mes)
	VALUES(2013, 4);
INSERT INTO Registo(ano, mes)
	VALUES(2013, 8);


-- Povoar Veiculos

INSERT INTO Veiculo(id, matricula, quilometros, ivaDedutivel, retoma, financiamento, numRegistos, modelo, potencia, cilindrada, cor, segmento, anoRegisto, mesRegisto)
	VALUES(10, '49-CG-80', 171481, 1, 1, 1, 4, 'A3', 120, 2000, 'black', 'city', 2003, 7);
INSERT INTO Veiculo(id, matricula, quilometros, ivaDedutivel, retoma, financiamento, numRegistos, modelo, potencia, cilindrada, cor, segmento, anoRegisto, mesRegisto)
	VALUES(58, '36-MZ-61', 70585, 1, 0, 0, 1, '550', 220, 3000, 'blue', 'city', 2004, 4);
INSERT INTO Veiculo(id, matricula, quilometros, ivaDedutivel, retoma, financiamento, numRegistos, modelo, potencia, cilindrada, cor, segmento, anoRegisto, mesRegisto)
	VALUES(83, '09-WS-13', 22644, 1, 1, 0, 1, 'Captiva', 120, 2000, 'green', 'city', 2002, 2);
INSERT INTO Veiculo(id, matricula, quilometros, ivaDedutivel, retoma, financiamento, numRegistos, modelo, potencia, cilindrada, cor, segmento, anoRegisto, mesRegisto)
	VALUES(80, '70-FN-06', 12026, 1, 1, 1, 2, 'Fiesta', 110, 1600, 'green', 'city', 1998, 9);
INSERT INTO Veiculo(id, matricula, quilometros, ivaDedutivel, retoma, financiamento, numRegistos, modelo, potencia, cilindrada, cor, segmento, anoRegisto, mesRegisto)
	VALUES(100, '89-BH-74', 385361, 0, 0, 1, 4, 'Fiesta', 110, 1600, 'purple', 'city', 2007, 3);
INSERT INTO Veiculo(id, matricula, quilometros, ivaDedutivel, retoma, financiamento, numRegistos, modelo, potencia, cilindrada, cor, segmento, anoRegisto, mesRegisto)
	VALUES(41, '23-NB-45', 187015, 0, 1, 1, 3, 'Civic', 110, 1600, 'white', 'city', 2004, 10);
INSERT INTO Veiculo(id, matricula, quilometros, ivaDedutivel, retoma, financiamento, numRegistos, modelo, potencia, cilindrada, cor, segmento, anoRegisto, mesRegisto)
	VALUES(74, '86-GG-67', 225084, 1, 0, 0, 4, 'Civic', 110, 1600, 'black', 'city', 1992, 9);
INSERT INTO Veiculo(id, matricula, quilometros, ivaDedutivel, retoma, financiamento, numRegistos, modelo, potencia, cilindrada, cor, segmento, anoRegisto, mesRegisto)
	VALUES(98, '37-LH-19', 237407, 1, 1, 0, 1, 'Civic', 110, 1600, 'black', 'city', 1999, 5);
INSERT INTO Veiculo(id, matricula, quilometros, ivaDedutivel, retoma, financiamento, numRegistos, modelo, potencia, cilindrada, cor, segmento, anoRegisto, mesRegisto)
	VALUES(33, '12-PC-15', 10333, 0, 0, 0, 1, 'Ceed', 110, 1600, 'green', 'city', 1993, 11);
INSERT INTO Veiculo(id, matricula, quilometros, ivaDedutivel, retoma, financiamento, numRegistos, modelo, potencia, cilindrada, cor, segmento, anoRegisto, mesRegisto)
	VALUES(38, '79-FD-56', 49712, 1, 0, 0, 2, 'Ceed', 110, 1600, 'blue', 'city', 2013, 4);
INSERT INTO Veiculo(id, matricula, quilometros, ivaDedutivel, retoma, financiamento, numRegistos, modelo, potencia, cilindrada, cor, segmento, anoRegisto, mesRegisto)
	VALUES(50, '01-OO-83', 37902, 1, 0, 0, 3, 'A45', 300, 2000, 'blue', 'city', 2012, 9);
INSERT INTO Veiculo(id, matricula, quilometros, ivaDedutivel, retoma, financiamento, numRegistos, modelo, potencia, cilindrada, cor, segmento, anoRegisto, mesRegisto)
	VALUES(85, '17-GJ-02', 34425, 0, 1, 0, 1, 'A180', 110, 1500, 'blue', 'city', 1995, 11);
INSERT INTO Veiculo(id, matricula, quilometros, ivaDedutivel, retoma, financiamento, numRegistos, modelo, potencia, cilindrada, cor, segmento, anoRegisto, mesRegisto)
	VALUES(76, '40-IJ-68', 71475, 1, 1, 0, 4, 'Pixar', 110, 1600, 'blue', 'city', 2010, 2);
INSERT INTO Veiculo(id, matricula, quilometros, ivaDedutivel, retoma, financiamento, numRegistos, modelo, potencia, cilindrada, cor, segmento, anoRegisto, mesRegisto)
	VALUES(82, '09-NM-34', 109763, 1, 1, 0, 4, 'Yaris', 110, 1600, 'blue', 'city', 2006, 12);
INSERT INTO Veiculo(id, matricula, quilometros, ivaDedutivel, retoma, financiamento, numRegistos, modelo, potencia, cilindrada, cor, segmento, anoRegisto, mesRegisto)
	VALUES(84, '42-QX-41', 301515, 0, 0, 0, 1, 'Yaris', 110, 1600, 'purple', 'city', 1998, 12);
INSERT INTO Veiculo(id, matricula, quilometros, ivaDedutivel, retoma, financiamento, numRegistos, modelo, potencia, cilindrada, cor, segmento, anoRegisto, mesRegisto)
	VALUES(89, '93-MH-04', 146076, 1, 0, 1, 3, 'Yaris', 110, 1600, 'black', 'city', 1962, 4);
INSERT INTO Veiculo(id, matricula, quilometros, ivaDedutivel, retoma, financiamento, numRegistos, modelo, potencia, cilindrada, cor, segmento, anoRegisto, mesRegisto)
	VALUES(29, '03-LI-17', 166847, 1, 0, 0, 4, 'Golf', 110, 2000, 'black', 'city', 1997, 1);
INSERT INTO Veiculo(id, matricula, quilometros, ivaDedutivel, retoma, financiamento, numRegistos, modelo, potencia, cilindrada, cor, segmento, anoRegisto, mesRegisto)
	VALUES(91, '13-HX-77', 282103, 1, 0, 1, 4, 'Polo', 110, 1600, 'black', 'city', 2009, 9);
INSERT INTO Veiculo(id, matricula, quilometros, ivaDedutivel, retoma, financiamento, numRegistos, modelo, potencia, cilindrada, cor, segmento, anoRegisto, mesRegisto)
	VALUES(53, '38-CV-07', 74106, 1, 0, 1, 3, 'V90', 110, 2000, 'blue', 'city', 2003, 1);
INSERT INTO Veiculo(id, matricula, quilometros, ivaDedutivel, retoma, financiamento, numRegistos, modelo, potencia, cilindrada, cor, segmento, anoRegisto, mesRegisto)
	VALUES(7, '69-AN-89', 213032, 1, 0, 0, 4, 'i8', 400, 3000, 'black', 'coupe', 2002, 10);
INSERT INTO Veiculo(id, matricula, quilometros, ivaDedutivel, retoma, financiamento, numRegistos, modelo, potencia, cilindrada, cor, segmento, anoRegisto, mesRegisto)
	VALUES(57, '84-TQ-23', 27778, 1, 1, 0, 4, 'Mustang', 400, 4000, 'green', 'coupe', 1988, 3);
INSERT INTO Veiculo(id, matricula, quilometros, ivaDedutivel, retoma, financiamento, numRegistos, modelo, potencia, cilindrada, cor, segmento, anoRegisto, mesRegisto)
	VALUES(15, '53-ZG-09', 35311, 0, 1, 1, 3, 'F-Type', 400, 3000, 'red', 'coupe', 2003, 12);
INSERT INTO Veiculo(id, matricula, quilometros, ivaDedutivel, retoma, financiamento, numRegistos, modelo, potencia, cilindrada, cor, segmento, anoRegisto, mesRegisto)
	VALUES(60, '97-PV-96', 42315, 0, 0, 0, 4, 'C63', 400, 3000, 'red', 'coupe', 1990, 4);
INSERT INTO Veiculo(id, matricula, quilometros, ivaDedutivel, retoma, financiamento, numRegistos, modelo, potencia, cilindrada, cor, segmento, anoRegisto, mesRegisto)
	VALUES(95, '73-OK-89', 130137, 0, 0, 1, 3, 'E43', 400, 3000, 'blue', 'coupe', 2003, 8);
INSERT INTO Veiculo(id, matricula, quilometros, ivaDedutivel, retoma, financiamento, numRegistos, modelo, potencia, cilindrada, cor, segmento, anoRegisto, mesRegisto)
	VALUES(35, '26-IT-97', 228219, 1, 1, 0, 1, 'GT-R', 400, 3000, 'black', 'coupe', 2011, 4);
INSERT INTO Veiculo(id, matricula, quilometros, ivaDedutivel, retoma, financiamento, numRegistos, modelo, potencia, cilindrada, cor, segmento, anoRegisto, mesRegisto)
	VALUES(37, '25-JO-45', 9435, 1, 1, 0, 2, 'GT-R', 400, 3000, 'blue', 'coupe', 2012, 1);
INSERT INTO Veiculo(id, matricula, quilometros, ivaDedutivel, retoma, financiamento, numRegistos, modelo, potencia, cilindrada, cor, segmento, anoRegisto, mesRegisto)
	VALUES(96, '13-HD-32', 106482, 0, 1, 1, 1, '911', 400, 3000, 'grey', 'coupe', 2009, 6);
INSERT INTO Veiculo(id, matricula, quilometros, ivaDedutivel, retoma, financiamento, numRegistos, modelo, potencia, cilindrada, cor, segmento, anoRegisto, mesRegisto)
	VALUES(99, '08-CK-50', 298930, 0, 0, 1, 1, '911', 400, 3000, 'black', 'coupe', 1985, 10);
INSERT INTO Veiculo(id, matricula, quilometros, ivaDedutivel, retoma, financiamento, numRegistos, modelo, potencia, cilindrada, cor, segmento, anoRegisto, mesRegisto)
	VALUES(56, '19-HF-58', 262111, 1, 0, 0, 1, 'V40', 220, 3000, 'black', 'coupe', 2010, 4);
INSERT INTO Veiculo(id, matricula, quilometros, ivaDedutivel, retoma, financiamento, numRegistos, modelo, potencia, cilindrada, cor, segmento, anoRegisto, mesRegisto)
	VALUES(43, '49-HU-99', 335506, 0, 0, 0, 5, 'R', 300, 1000, 'red', 'moto', 2002, 6);
INSERT INTO Veiculo(id, matricula, quilometros, ivaDedutivel, retoma, financiamento, numRegistos, modelo, potencia, cilindrada, cor, segmento, anoRegisto, mesRegisto)
	VALUES(14, '70-BH-59', 166674, 0, 1, 1, 5, 'Multistrada', 120, 250, 'white', 'moto', 1994, 7);
INSERT INTO Veiculo(id, matricula, quilometros, ivaDedutivel, retoma, financiamento, numRegistos, modelo, potencia, cilindrada, cor, segmento, anoRegisto, mesRegisto)
	VALUES(61, '21-OH-61', 109449, 0, 0, 0, 5, '959', 120, 250, 'blue', 'moto', 2012, 6);
INSERT INTO Veiculo(id, matricula, quilometros, ivaDedutivel, retoma, financiamento, numRegistos, modelo, potencia, cilindrada, cor, segmento, anoRegisto, mesRegisto)
	VALUES(77, '32-OH-07', 5247, 1, 0, 0, 5, 'Monster', 120, 350, 'green', 'moto', 2008, 6);
INSERT INTO Veiculo(id, matricula, quilometros, ivaDedutivel, retoma, financiamento, numRegistos, modelo, potencia, cilindrada, cor, segmento, anoRegisto, mesRegisto)
	VALUES(36, '58-TS-27', 169881, 0, 1, 1, 5, 'CBR', 100, 500, 'white', 'moto', 1994, 12);
INSERT INTO Veiculo(id, matricula, quilometros, ivaDedutivel, retoma, financiamento, numRegistos, modelo, potencia, cilindrada, cor, segmento, anoRegisto, mesRegisto)
	VALUES(88, '76-OY-00', 76509, 1, 1, 0, 5, 'CBR', 100, 500, 'blue', 'moto', 1994, 4);
INSERT INTO Veiculo(id, matricula, quilometros, ivaDedutivel, retoma, financiamento, numRegistos, modelo, potencia, cilindrada, cor, segmento, anoRegisto, mesRegisto)
	VALUES(81, '76-CT-73', 13826, 1, 0, 0, 5, 'Ninja', 100, 500, 'green', 'moto', 2003, 6);
INSERT INTO Veiculo(id, matricula, quilometros, ivaDedutivel, retoma, financiamento, numRegistos, modelo, potencia, cilindrada, cor, segmento, anoRegisto, mesRegisto)
	VALUES(51, '16-AH-16', 287804, 1, 0, 1, 5, 'V40', 100, 500, 'black', 'moto', 2004, 5);
INSERT INTO Veiculo(id, matricula, quilometros, ivaDedutivel, retoma, financiamento, numRegistos, modelo, potencia, cilindrada, cor, segmento, anoRegisto, mesRegisto)
	VALUES(28, '59-CE-63', 31445, 1, 0, 1, 5, 'MT-07', 100, 250, 'green', 'moto', 2012, 8);
INSERT INTO Veiculo(id, matricula, quilometros, ivaDedutivel, retoma, financiamento, numRegistos, modelo, potencia, cilindrada, cor, segmento, anoRegisto, mesRegisto)
	VALUES(30, '91-XD-04', 124098, 0, 0, 1, 5, 'R1', 100, 500, 'blue', 'moto', 2007, 5);
INSERT INTO Veiculo(id, matricula, quilometros, ivaDedutivel, retoma, financiamento, numRegistos, modelo, potencia, cilindrada, cor, segmento, anoRegisto, mesRegisto)
	VALUES(46, '25-ZB-48', 238372, 0, 1, 0, 5, 'MT-09', 100, 250, 'blue', 'moto', 1997, 8);
INSERT INTO Veiculo(id, matricula, quilometros, ivaDedutivel, retoma, financiamento, numRegistos, modelo, potencia, cilindrada, cor, segmento, anoRegisto, mesRegisto)
	VALUES(87, '72-HS-18', 364799, 0, 1, 0, 5, 'MT-07', 100, 250, 'red', 'moto', 1986, 9);
INSERT INTO Veiculo(id, matricula, quilometros, ivaDedutivel, retoma, financiamento, numRegistos, modelo, potencia, cilindrada, cor, segmento, anoRegisto, mesRegisto)
	VALUES(97, '29-KO-72', 74190, 0, 1, 1, 5, 'MT-07', 100, 250, 'grey', 'moto', 2006, 8);
INSERT INTO Veiculo(id, matricula, quilometros, ivaDedutivel, retoma, financiamento, numRegistos, modelo, potencia, cilindrada, cor, segmento, anoRegisto, mesRegisto)
	VALUES(79, '53-XD-38', 385813, 0, 1, 0, 3, 'A1', 100, 1500, 'black', 'sedan', 2008, 11);
INSERT INTO Veiculo(id, matricula, quilometros, ivaDedutivel, retoma, financiamento, numRegistos, modelo, potencia, cilindrada, cor, segmento, anoRegisto, mesRegisto)
	VALUES(5, '60-EY-19', 159890, 1, 1, 0, 2, 'M5', 600, 4000, 'black', 'sedan', 2013, 8);
INSERT INTO Veiculo(id, matricula, quilometros, ivaDedutivel, retoma, financiamento, numRegistos, modelo, potencia, cilindrada, cor, segmento, anoRegisto, mesRegisto)
	VALUES(12, '86-KC-36', 307640, 1, 1, 0, 3, '330', 220, 2000, 'black', 'sedan', 2009, 7);
INSERT INTO Veiculo(id, matricula, quilometros, ivaDedutivel, retoma, financiamento, numRegistos, modelo, potencia, cilindrada, cor, segmento, anoRegisto, mesRegisto)
	VALUES(13, '75-TU-14', 92975, 1, 0, 0, 2, 'M3', 300, 3000, 'blue', 'sedan', 1994, 3);
INSERT INTO Veiculo(id, matricula, quilometros, ivaDedutivel, retoma, financiamento, numRegistos, modelo, potencia, cilindrada, cor, segmento, anoRegisto, mesRegisto)
	VALUES(54, '47-YR-09', 279607, 1, 1, 1, 4, '320', 150, 1600, 'black', 'sedan', 2004, 5);
INSERT INTO Veiculo(id, matricula, quilometros, ivaDedutivel, retoma, financiamento, numRegistos, modelo, potencia, cilindrada, cor, segmento, anoRegisto, mesRegisto)
	VALUES(73, '88-ST-55', 152168, 0, 0, 1, 4, '123', 150, 1600, 'white', 'sedan', 2010, 12);
INSERT INTO Veiculo(id, matricula, quilometros, ivaDedutivel, retoma, financiamento, numRegistos, modelo, potencia, cilindrada, cor, segmento, anoRegisto, mesRegisto)
	VALUES(48, '58-EC-01', 251602, 0, 1, 1, 2, 'Captiva', 120, 2000, 'blue', 'sedan', 1994, 2);
INSERT INTO Veiculo(id, matricula, quilometros, ivaDedutivel, retoma, financiamento, numRegistos, modelo, potencia, cilindrada, cor, segmento, anoRegisto, mesRegisto)
	VALUES(78, '27-IV-27', 215601, 0, 0, 1, 5, 'Camaro', 120, 2000, 'blue', 'sedan', 1994, 3);
INSERT INTO Veiculo(id, matricula, quilometros, ivaDedutivel, retoma, financiamento, numRegistos, modelo, potencia, cilindrada, cor, segmento, anoRegisto, mesRegisto)
	VALUES(1, '39-GS-00', 184046, 0, 1, 0, 1, 'Focus', 120, 1400, 'white', 'sedan', 2009, 5);
INSERT INTO Veiculo(id, matricula, quilometros, ivaDedutivel, retoma, financiamento, numRegistos, modelo, potencia, cilindrada, cor, segmento, anoRegisto, mesRegisto)
	VALUES(6, '67-QW-51', 169990, 0, 1, 1, 5, 'Focus', 120, 1400, 'white', 'sedan', 1998, 2);
INSERT INTO Veiculo(id, matricula, quilometros, ivaDedutivel, retoma, financiamento, numRegistos, modelo, potencia, cilindrada, cor, segmento, anoRegisto, mesRegisto)
	VALUES(55, '38-TE-46', 109846, 1, 1, 0, 4, 'Focus', 130, 1600, 'blue', 'sedan', 1995, 7);
INSERT INTO Veiculo(id, matricula, quilometros, ivaDedutivel, retoma, financiamento, numRegistos, modelo, potencia, cilindrada, cor, segmento, anoRegisto, mesRegisto)
	VALUES(47, '84-EG-25', 19756, 1, 1, 0, 3, 'XF', 200, 2000, 'black', 'sedan', 2002, 1);
INSERT INTO Veiculo(id, matricula, quilometros, ivaDedutivel, retoma, financiamento, numRegistos, modelo, potencia, cilindrada, cor, segmento, anoRegisto, mesRegisto)
	VALUES(93, '66-GE-77', 127116, 0, 0, 0, 4, 'MX-5', 150, 1500, 'pink', 'sedan', 1999, 10);
INSERT INTO Veiculo(id, matricula, quilometros, ivaDedutivel, retoma, financiamento, numRegistos, modelo, potencia, cilindrada, cor, segmento, anoRegisto, mesRegisto)
	VALUES(75, '89-LN-55', 118518, 1, 0, 0, 1, 'S63', 400, 4000, 'blue', 'sedan', 1998, 10);
INSERT INTO Veiculo(id, matricula, quilometros, ivaDedutivel, retoma, financiamento, numRegistos, modelo, potencia, cilindrada, cor, segmento, anoRegisto, mesRegisto)
	VALUES(86, '07-BJ-07', 238223, 1, 0, 1, 2, 'Corolla', 120, 1500, 'black', 'sedan', 2002, 4);
INSERT INTO Veiculo(id, matricula, quilometros, ivaDedutivel, retoma, financiamento, numRegistos, modelo, potencia, cilindrada, cor, segmento, anoRegisto, mesRegisto)
	VALUES(92, '20-FN-35', 334503, 1, 1, 1, 4, 'Corolla', 120, 1500, 'black', 'sedan', 1995, 10);
INSERT INTO Veiculo(id, matricula, quilometros, ivaDedutivel, retoma, financiamento, numRegistos, modelo, potencia, cilindrada, cor, segmento, anoRegisto, mesRegisto)
	VALUES(94, '92-QU-41', 34948, 0, 1, 0, 4, 'V90', 120, 1500, 'red', 'sedan', 2008, 8);
INSERT INTO Veiculo(id, matricula, quilometros, ivaDedutivel, retoma, financiamento, numRegistos, modelo, potencia, cilindrada, cor, segmento, anoRegisto, mesRegisto)
	VALUES(42, '48-IS-65', 77873, 1, 0, 1, 2, 'Impala', 120, 2000, 'blue', 'suv', 1994, 9);
INSERT INTO Veiculo(id, matricula, quilometros, ivaDedutivel, retoma, financiamento, numRegistos, modelo, potencia, cilindrada, cor, segmento, anoRegisto, mesRegisto)
	VALUES(45, '23-RY-00', 24403, 1, 1, 1, 3, 'Camaro', 120, 2000, 'green', 'suv', 1992, 12);
INSERT INTO Veiculo(id, matricula, quilometros, ivaDedutivel, retoma, financiamento, numRegistos, modelo, potencia, cilindrada, cor, segmento, anoRegisto, mesRegisto)
	VALUES(20, '63-FG-22', 399637, 1, 1, 0, 3, 'Range Rover', 400, 3000, 'white', 'suv', 2010, 5);
INSERT INTO Veiculo(id, matricula, quilometros, ivaDedutivel, retoma, financiamento, numRegistos, modelo, potencia, cilindrada, cor, segmento, anoRegisto, mesRegisto)
	VALUES(21, '80-QF-11', 15367, 0, 1, 0, 3, 'Range Rover', 200, 3000, 'green', 'suv', 2005, 2);
INSERT INTO Veiculo(id, matricula, quilometros, ivaDedutivel, retoma, financiamento, numRegistos, modelo, potencia, cilindrada, cor, segmento, anoRegisto, mesRegisto)
	VALUES(31, '79-MO-10', 317484, 1, 1, 0, 1, 'Range Rover', 300, 3000, 'black', 'suv', 1993, 7);
INSERT INTO Veiculo(id, matricula, quilometros, ivaDedutivel, retoma, financiamento, numRegistos, modelo, potencia, cilindrada, cor, segmento, anoRegisto, mesRegisto)
	VALUES(90, '72-QN-10', 119611, 1, 1, 1, 4, 'Range Rover', 200, 3000, 'blue', 'suv', 2011, 8);
INSERT INTO Veiculo(id, matricula, quilometros, ivaDedutivel, retoma, financiamento, numRegistos, modelo, potencia, cilindrada, cor, segmento, anoRegisto, mesRegisto)
	VALUES(34, '95-HN-13', 369545, 1, 0, 1, 2, 'Juke', 75, 1100, 'white', 'suv', 2001, 9);
INSERT INTO Veiculo(id, matricula, quilometros, ivaDedutivel, retoma, financiamento, numRegistos, modelo, potencia, cilindrada, cor, segmento, anoRegisto, mesRegisto)
	VALUES(39, '12-BW-24', 396676, 1, 1, 1, 3, 'Juke', 75, 1000, 'white', 'suv', 2009, 1);
INSERT INTO Veiculo(id, matricula, quilometros, ivaDedutivel, retoma, financiamento, numRegistos, modelo, potencia, cilindrada, cor, segmento, anoRegisto, mesRegisto)
	VALUES(40, '00-KP-66', 350121, 1, 0, 0, 2, 'V40', 110, 2000, 'black', 'suv', 2012, 6);
INSERT INTO Veiculo(id, matricula, quilometros, ivaDedutivel, retoma, financiamento, numRegistos, modelo, potencia, cilindrada, cor, segmento, anoRegisto, mesRegisto)
	VALUES(3, '63-NU-05', 270080, 0, 1, 0, 4, 'i3', 75, 0, 'red', 'utility', 1999, 8);
INSERT INTO Veiculo(id, matricula, quilometros, ivaDedutivel, retoma, financiamento, numRegistos, modelo, potencia, cilindrada, cor, segmento, anoRegisto, mesRegisto)
	VALUES(2, '31-JH-49', 372867, 0, 1, 0, 2, 'Impala', 120, 2000, 'red', 'utility', 2009, 6);
INSERT INTO Veiculo(id, matricula, quilometros, ivaDedutivel, retoma, financiamento, numRegistos, modelo, potencia, cilindrada, cor, segmento, anoRegisto, mesRegisto)
	VALUES(9, '23-RX-17', 396407, 1, 0, 0, 5, 'Impala', 120, 2000, 'white', 'utility', 2005, 3);
INSERT INTO Veiculo(id, matricula, quilometros, ivaDedutivel, retoma, financiamento, numRegistos, modelo, potencia, cilindrada, cor, segmento, anoRegisto, mesRegisto)
	VALUES(4, '46-LP-89', 77044, 1, 1, 0, 5, 'Fiesta', 100, 1400, 'blue', 'utility', 1990, 2);
INSERT INTO Veiculo(id, matricula, quilometros, ivaDedutivel, retoma, financiamento, numRegistos, modelo, potencia, cilindrada, cor, segmento, anoRegisto, mesRegisto)
	VALUES(11, '85-VD-66', 391250, 1, 0, 1, 3, 'Fiesta', 110, 1500, 'white', 'utility', 1993, 11);
INSERT INTO Veiculo(id, matricula, quilometros, ivaDedutivel, retoma, financiamento, numRegistos, modelo, potencia, cilindrada, cor, segmento, anoRegisto, mesRegisto)
	VALUES(32, '50-QI-57', 155691, 0, 1, 1, 2, 'Focus', 110, 1500, 'white', 'utility', 2005, 3);
INSERT INTO Veiculo(id, matricula, quilometros, ivaDedutivel, retoma, financiamento, numRegistos, modelo, potencia, cilindrada, cor, segmento, anoRegisto, mesRegisto)
	VALUES(44, '26-FI-26', 267747, 0, 1, 0, 2, 'Fiesta', 110, 1500, 'red', 'utility', 1992, 1);
INSERT INTO Veiculo(id, matricula, quilometros, ivaDedutivel, retoma, financiamento, numRegistos, modelo, potencia, cilindrada, cor, segmento, anoRegisto, mesRegisto)
	VALUES(16, '18-AS-32', 149155, 1, 1, 1, 4, 'MX-3', 110, 1500, 'black', 'utility', 2004, 7);
INSERT INTO Veiculo(id, matricula, quilometros, ivaDedutivel, retoma, financiamento, numRegistos, modelo, potencia, cilindrada, cor, segmento, anoRegisto, mesRegisto)
	VALUES(17, '60-JC-11', 98775, 1, 0, 0, 3, 'MX-3', 110, 1500, 'blue', 'utility', 1989, 5);
INSERT INTO Veiculo(id, matricula, quilometros, ivaDedutivel, retoma, financiamento, numRegistos, modelo, potencia, cilindrada, cor, segmento, anoRegisto, mesRegisto)
	VALUES(18, '63-UK-55', 223603, 0, 1, 0, 3, 'MX-3', 110, 1500, 'blue', 'utility', 1993, 10);
INSERT INTO Veiculo(id, matricula, quilometros, ivaDedutivel, retoma, financiamento, numRegistos, modelo, potencia, cilindrada, cor, segmento, anoRegisto, mesRegisto)
	VALUES(19, '89-FC-93', 189374, 1, 0, 1, 1, 'MX-5', 110, 1500, 'black', 'utility', 1995, 11);
INSERT INTO Veiculo(id, matricula, quilometros, ivaDedutivel, retoma, financiamento, numRegistos, modelo, potencia, cilindrada, cor, segmento, anoRegisto, mesRegisto)
	VALUES(52, '79-XU-74', 306347, 1, 1, 0, 5, '330', 220, 2000, 'black', 'van', 2007, 1);
INSERT INTO Veiculo(id, matricula, quilometros, ivaDedutivel, retoma, financiamento, numRegistos, modelo, potencia, cilindrada, cor, segmento, anoRegisto, mesRegisto)
	VALUES(49, '95-KI-34', 125175, 1, 1, 1, 2, 'Transit', 160, 2200, 'blue', 'van', 2005, 11);
INSERT INTO Veiculo(id, matricula, quilometros, ivaDedutivel, retoma, financiamento, numRegistos, modelo, potencia, cilindrada, cor, segmento, anoRegisto, mesRegisto)
	VALUES(59, '31-SS-48', 335520, 1, 0, 1, 2, 'Transit', 160, 2200, 'black', 'van', 1999, 1);
INSERT INTO Veiculo(id, matricula, quilometros, ivaDedutivel, retoma, financiamento, numRegistos, modelo, potencia, cilindrada, cor, segmento, anoRegisto, mesRegisto)
	VALUES(8, '31-YB-52', 318539, 1, 1, 1, 2, 'Passat', 150, 2000, 'black', 'van', 1992, 9);


-- Povoar Marcas Peças

INSERT INTO MarcaPeca(nome)
	VALUES('BBS');
INSERT INTO MarcaPeca(nome)
	VALUES('Eurotires');
INSERT INTO MarcaPeca(nome)
	VALUES('Parts Ltd.');


-- Povoar Categorias Peças

INSERT INTO CategoriaPeca(nome)
	VALUES('Air');
INSERT INTO CategoriaPeca(nome)
	VALUES('Suspension');
INSERT INTO CategoriaPeca(nome)
	VALUES('Tires');
INSERT INTO CategoriaPeca(nome)
	VALUES('Wheels');


-- Povoar Peças

INSERT INTO Peca(id, marca, categoria)
	VALUES(22, 'BBS', 'Wheels');
INSERT INTO Peca(id, marca, categoria)
	VALUES(23, 'BBS', 'Wheels');
INSERT INTO Peca(id, marca, categoria)
	VALUES(24, 'BBS', 'Wheels');
INSERT INTO Peca(id, marca, categoria)
	VALUES(25, 'BBS', 'Wheels');
INSERT INTO Peca(id, marca, categoria)
	VALUES(26, 'BBS', 'Wheels');
INSERT INTO Peca(id, marca, categoria)
	VALUES(27, 'Parts Ltd.', 'Wheels');
INSERT INTO Peca(id, marca, categoria)
	VALUES(62, 'Parts Ltd.', 'Wheels');
INSERT INTO Peca(id, marca, categoria)
	VALUES(63, 'Parts Ltd.', 'Air');
INSERT INTO Peca(id, marca, categoria)
	VALUES(64, 'Parts Ltd.', 'Air');
INSERT INTO Peca(id, marca, categoria)
	VALUES(65, 'Parts Ltd.', 'Suspension');
INSERT INTO Peca(id, marca, categoria)
	VALUES(66, 'Parts Ltd.', 'Suspension');
INSERT INTO Peca(id, marca, categoria)
	VALUES(67, 'Eurotires', 'Suspension');
INSERT INTO Peca(id, marca, categoria)
	VALUES(68, 'Eurotires', 'Suspension');
INSERT INTO Peca(id, marca, categoria)
	VALUES(69, 'Eurotires', 'Tires');
INSERT INTO Peca(id, marca, categoria)
	VALUES(70, 'Eurotires', 'Tires');
INSERT INTO Peca(id, marca, categoria)
	VALUES(71, 'Eurotires', 'Tires');
INSERT INTO Peca(id, marca, categoria)
	VALUES(72, 'Eurotires', 'Tires');


-- Povoar Caixa de Velocidades

INSERT INTO CaixaVelocidades(tipo, numVelocidades)
	VALUES('automatic', 6);
INSERT INTO CaixaVelocidades(tipo, numVelocidades)
	VALUES('automatic', 7);
INSERT INTO CaixaVelocidades(tipo, numVelocidades)
	VALUES('automatic', 8);
INSERT INTO CaixaVelocidades(tipo, numVelocidades)
	VALUES('manual', 5);
INSERT INTO CaixaVelocidades(tipo, numVelocidades)
	VALUES('manual', 6);


-- Povoar Tração

INSERT INTO Tracao(tipo)
	VALUES('back');
INSERT INTO Tracao(tipo)
	VALUES('frontal');
INSERT INTO Tracao(tipo)
	VALUES('integral');


-- Povoar Combustivel

INSERT INTO Combustivel(tipo)
	VALUES('diesel');
INSERT INTO Combustivel(tipo)
	VALUES('hybrid');
INSERT INTO Combustivel(tipo)
	VALUES('petrol');


-- Povoar Carros

INSERT INTO Carro(id, lotacao, classe, numPortas, importado, tracao, tipoCaixa, numVelocidades, combustivel)
	VALUES(1, 5, 'light', 5, 1, 'back', 'automatic', 6, 'petrol');
INSERT INTO Carro(id, lotacao, classe, numPortas, importado, tracao, tipoCaixa, numVelocidades, combustivel)
	VALUES(2, 2, 'light', 3, 1, 'frontal', 'automatic', 8, 'diesel');
INSERT INTO Carro(id, lotacao, classe, numPortas, importado, tracao, tipoCaixa, numVelocidades, combustivel)
	VALUES(3, 2, 'light', 3, 0, 'frontal', 'automatic', 8, 'hybrid');
INSERT INTO Carro(id, lotacao, classe, numPortas, importado, tracao, tipoCaixa, numVelocidades, combustivel)
	VALUES(4, 2, 'light', 3, 0, 'frontal', 'automatic', 8, 'petrol');
INSERT INTO Carro(id, lotacao, classe, numPortas, importado, tracao, tipoCaixa, numVelocidades, combustivel)
	VALUES(5, 5, 'light', 5, 0, 'back', 'automatic', 6, 'petrol');
INSERT INTO Carro(id, lotacao, classe, numPortas, importado, tracao, tipoCaixa, numVelocidades, combustivel)
	VALUES(6, 5, 'light', 5, 0, 'back', 'automatic', 6, 'petrol');
INSERT INTO Carro(id, lotacao, classe, numPortas, importado, tracao, tipoCaixa, numVelocidades, combustivel)
	VALUES(7, 4, 'light', 3, 0, 'back', 'automatic', 7, 'hybrid');
INSERT INTO Carro(id, lotacao, classe, numPortas, importado, tracao, tipoCaixa, numVelocidades, combustivel)
	VALUES(8, 5, 'weavy', 5, 0, 'frontal', 'manual', 5, 'petrol');
INSERT INTO Carro(id, lotacao, classe, numPortas, importado, tracao, tipoCaixa, numVelocidades, combustivel)
	VALUES(9, 2, 'light', 3, 0, 'frontal', 'automatic', 8, 'petrol');
INSERT INTO Carro(id, lotacao, classe, numPortas, importado, tracao, tipoCaixa, numVelocidades, combustivel)
	VALUES(10, 5, 'light', 5, 0, 'frontal', 'automatic', 6, 'diesel');
INSERT INTO Carro(id, lotacao, classe, numPortas, importado, tracao, tipoCaixa, numVelocidades, combustivel)
	VALUES(11, 2, 'light', 3, 0, 'frontal', 'automatic', 7, 'diesel');
INSERT INTO Carro(id, lotacao, classe, numPortas, importado, tracao, tipoCaixa, numVelocidades, combustivel)
	VALUES(12, 5, 'light', 5, 1, 'integral', 'automatic', 6, 'petrol');
INSERT INTO Carro(id, lotacao, classe, numPortas, importado, tracao, tipoCaixa, numVelocidades, combustivel)
	VALUES(13, 5, 'light', 5, 0, 'integral', 'automatic', 6, 'petrol');
INSERT INTO Carro(id, lotacao, classe, numPortas, importado, tracao, tipoCaixa, numVelocidades, combustivel)
	VALUES(15, 4, 'light', 3, 0, 'back', 'automatic', 7, 'petrol');
INSERT INTO Carro(id, lotacao, classe, numPortas, importado, tracao, tipoCaixa, numVelocidades, combustivel)
	VALUES(16, 2, 'light', 3, 1, 'frontal', 'automatic', 7, 'diesel');
INSERT INTO Carro(id, lotacao, classe, numPortas, importado, tracao, tipoCaixa, numVelocidades, combustivel)
	VALUES(17, 2, 'light', 3, 0, 'frontal', 'automatic', 7, 'petrol');
INSERT INTO Carro(id, lotacao, classe, numPortas, importado, tracao, tipoCaixa, numVelocidades, combustivel)
	VALUES(18, 2, 'light', 3, 1, 'frontal', 'automatic', 7, 'diesel');
INSERT INTO Carro(id, lotacao, classe, numPortas, importado, tracao, tipoCaixa, numVelocidades, combustivel)
	VALUES(19, 2, 'light', 3, 0, 'frontal', 'automatic', 7, 'diesel');
INSERT INTO Carro(id, lotacao, classe, numPortas, importado, tracao, tipoCaixa, numVelocidades, combustivel)
	VALUES(20, 5, 'light', 5, 1, 'back', 'manual', 6, 'diesel');
INSERT INTO Carro(id, lotacao, classe, numPortas, importado, tracao, tipoCaixa, numVelocidades, combustivel)
	VALUES(21, 5, 'light', 5, 1, 'back', 'manual', 6, 'diesel');
INSERT INTO Carro(id, lotacao, classe, numPortas, importado, tracao, tipoCaixa, numVelocidades, combustivel)
	VALUES(29, 5, 'light', 5, 0, 'frontal', 'automatic', 6, 'petrol');
INSERT INTO Carro(id, lotacao, classe, numPortas, importado, tracao, tipoCaixa, numVelocidades, combustivel)
	VALUES(31, 7, 'light', 5, 0, 'back', 'manual', 6, 'petrol');
INSERT INTO Carro(id, lotacao, classe, numPortas, importado, tracao, tipoCaixa, numVelocidades, combustivel)
	VALUES(32, 2, 'light', 3, 0, 'frontal', 'automatic', 7, 'hybrid');
INSERT INTO Carro(id, lotacao, classe, numPortas, importado, tracao, tipoCaixa, numVelocidades, combustivel)
	VALUES(33, 5, 'light', 5, 0, 'frontal', 'automatic', 6, 'diesel');
INSERT INTO Carro(id, lotacao, classe, numPortas, importado, tracao, tipoCaixa, numVelocidades, combustivel)
	VALUES(34, 7, 'light', 5, 0, 'back', 'manual', 6, 'petrol');
INSERT INTO Carro(id, lotacao, classe, numPortas, importado, tracao, tipoCaixa, numVelocidades, combustivel)
	VALUES(35, 4, 'light', 3, 1, 'back', 'automatic', 7, 'petrol');
INSERT INTO Carro(id, lotacao, classe, numPortas, importado, tracao, tipoCaixa, numVelocidades, combustivel)
	VALUES(37, 4, 'light', 3, 0, 'back', 'automatic', 7, 'diesel');
INSERT INTO Carro(id, lotacao, classe, numPortas, importado, tracao, tipoCaixa, numVelocidades, combustivel)
	VALUES(38, 5, 'light', 5, 0, 'frontal', 'automatic', 6, 'diesel');
INSERT INTO Carro(id, lotacao, classe, numPortas, importado, tracao, tipoCaixa, numVelocidades, combustivel)
	VALUES(39, 7, 'light', 5, 0, 'integral', 'automatic', 6, 'petrol');
INSERT INTO Carro(id, lotacao, classe, numPortas, importado, tracao, tipoCaixa, numVelocidades, combustivel)
	VALUES(40, 5, 'light', 5, 0, 'integral', 'automatic', 6, 'diesel');
INSERT INTO Carro(id, lotacao, classe, numPortas, importado, tracao, tipoCaixa, numVelocidades, combustivel)
	VALUES(41, 5, 'light', 5, 0, 'frontal', 'automatic', 6, 'diesel');
INSERT INTO Carro(id, lotacao, classe, numPortas, importado, tracao, tipoCaixa, numVelocidades, combustivel)
	VALUES(42, 5, 'light', 5, 1, 'integral', 'automatic', 6, 'petrol');
INSERT INTO Carro(id, lotacao, classe, numPortas, importado, tracao, tipoCaixa, numVelocidades, combustivel)
	VALUES(44, 2, 'light', 3, 0, 'frontal', 'manual', 5, 'diesel');
INSERT INTO Carro(id, lotacao, classe, numPortas, importado, tracao, tipoCaixa, numVelocidades, combustivel)
	VALUES(45, 5, 'light', 5, 0, 'integral', 'automatic', 6, 'diesel');
INSERT INTO Carro(id, lotacao, classe, numPortas, importado, tracao, tipoCaixa, numVelocidades, combustivel)
	VALUES(47, 5, 'light', 5, 1, 'integral', 'automatic', 6, 'diesel');
INSERT INTO Carro(id, lotacao, classe, numPortas, importado, tracao, tipoCaixa, numVelocidades, combustivel)
	VALUES(48, 5, 'light', 5, 1, 'integral', 'manual', 5, 'diesel');
INSERT INTO Carro(id, lotacao, classe, numPortas, importado, tracao, tipoCaixa, numVelocidades, combustivel)
	VALUES(49, 5, 'weavy', 5, 0, 'frontal', 'manual', 5, 'diesel');
INSERT INTO Carro(id, lotacao, classe, numPortas, importado, tracao, tipoCaixa, numVelocidades, combustivel)
	VALUES(50, 5, 'light', 5, 1, 'frontal', 'automatic', 6, 'diesel');
INSERT INTO Carro(id, lotacao, classe, numPortas, importado, tracao, tipoCaixa, numVelocidades, combustivel)
	VALUES(52, 5, 'weavy', 5, 1, 'integral', 'manual', 5, 'diesel');
INSERT INTO Carro(id, lotacao, classe, numPortas, importado, tracao, tipoCaixa, numVelocidades, combustivel)
	VALUES(53, 5, 'light', 5, 0, 'frontal', 'manual', 5, 'petrol');
INSERT INTO Carro(id, lotacao, classe, numPortas, importado, tracao, tipoCaixa, numVelocidades, combustivel)
	VALUES(54, 5, 'light', 5, 0, 'integral', 'manual', 5, 'diesel');
INSERT INTO Carro(id, lotacao, classe, numPortas, importado, tracao, tipoCaixa, numVelocidades, combustivel)
	VALUES(55, 5, 'light', 5, 0, 'integral', 'manual', 5, 'petrol');
INSERT INTO Carro(id, lotacao, classe, numPortas, importado, tracao, tipoCaixa, numVelocidades, combustivel)
	VALUES(56, 4, 'light', 3, 1, 'back', 'automatic', 8, 'diesel');
INSERT INTO Carro(id, lotacao, classe, numPortas, importado, tracao, tipoCaixa, numVelocidades, combustivel)
	VALUES(57, 2, 'light', 3, 0, 'back', 'automatic', 8, 'diesel');
INSERT INTO Carro(id, lotacao, classe, numPortas, importado, tracao, tipoCaixa, numVelocidades, combustivel)
	VALUES(58, 5, 'light', 5, 1, 'frontal', 'manual', 5, 'diesel');
INSERT INTO Carro(id, lotacao, classe, numPortas, importado, tracao, tipoCaixa, numVelocidades, combustivel)
	VALUES(59, 7, 'weavy', 5, 0, 'integral', 'manual', 5, 'petrol');
INSERT INTO Carro(id, lotacao, classe, numPortas, importado, tracao, tipoCaixa, numVelocidades, combustivel)
	VALUES(60, 2, 'light', 3, 1, 'back', 'automatic', 8, 'petrol');
INSERT INTO Carro(id, lotacao, classe, numPortas, importado, tracao, tipoCaixa, numVelocidades, combustivel)
	VALUES(73, 5, 'light', 5, 1, 'integral', 'manual', 5, 'diesel');
INSERT INTO Carro(id, lotacao, classe, numPortas, importado, tracao, tipoCaixa, numVelocidades, combustivel)
	VALUES(74, 5, 'light', 5, 0, 'frontal', 'manual', 6, 'petrol');
INSERT INTO Carro(id, lotacao, classe, numPortas, importado, tracao, tipoCaixa, numVelocidades, combustivel)
	VALUES(75, 5, 'light', 5, 0, 'integral', 'manual', 5, 'petrol');
INSERT INTO Carro(id, lotacao, classe, numPortas, importado, tracao, tipoCaixa, numVelocidades, combustivel)
	VALUES(76, 5, 'light', 3, 1, 'frontal', 'manual', 6, 'petrol');
INSERT INTO Carro(id, lotacao, classe, numPortas, importado, tracao, tipoCaixa, numVelocidades, combustivel)
	VALUES(78, 5, 'light', 5, 0, 'back', 'manual', 5, 'petrol');
INSERT INTO Carro(id, lotacao, classe, numPortas, importado, tracao, tipoCaixa, numVelocidades, combustivel)
	VALUES(79, 5, 'light', 5, 1, 'back', 'manual', 5, 'petrol');
INSERT INTO Carro(id, lotacao, classe, numPortas, importado, tracao, tipoCaixa, numVelocidades, combustivel)
	VALUES(80, 5, 'light', 3, 1, 'frontal', 'manual', 6, 'petrol');
INSERT INTO Carro(id, lotacao, classe, numPortas, importado, tracao, tipoCaixa, numVelocidades, combustivel)
	VALUES(82, 5, 'light', 3, 0, 'frontal', 'manual', 6, 'diesel');
INSERT INTO Carro(id, lotacao, classe, numPortas, importado, tracao, tipoCaixa, numVelocidades, combustivel)
	VALUES(83, 5, 'light', 3, 0, 'frontal', 'automatic', 7, 'diesel');
INSERT INTO Carro(id, lotacao, classe, numPortas, importado, tracao, tipoCaixa, numVelocidades, combustivel)
	VALUES(84, 5, 'light', 3, 1, 'frontal', 'automatic', 8, 'diesel');
INSERT INTO Carro(id, lotacao, classe, numPortas, importado, tracao, tipoCaixa, numVelocidades, combustivel)
	VALUES(85, 5, 'light', 3, 1, 'frontal', 'manual', 5, 'diesel');
INSERT INTO Carro(id, lotacao, classe, numPortas, importado, tracao, tipoCaixa, numVelocidades, combustivel)
	VALUES(86, 5, 'light', 5, 1, 'back', 'manual', 5, 'petrol');
INSERT INTO Carro(id, lotacao, classe, numPortas, importado, tracao, tipoCaixa, numVelocidades, combustivel)
	VALUES(89, 5, 'light', 3, 1, 'frontal', 'manual', 5, 'diesel');
INSERT INTO Carro(id, lotacao, classe, numPortas, importado, tracao, tipoCaixa, numVelocidades, combustivel)
	VALUES(90, 5, 'light', 5, 0, 'integral', 'automatic', 6, 'petrol');
INSERT INTO Carro(id, lotacao, classe, numPortas, importado, tracao, tipoCaixa, numVelocidades, combustivel)
	VALUES(91, 5, 'light', 3, 0, 'frontal', 'manual', 6, 'diesel');
INSERT INTO Carro(id, lotacao, classe, numPortas, importado, tracao, tipoCaixa, numVelocidades, combustivel)
	VALUES(92, 5, 'light', 5, 0, 'back', 'manual', 6, 'diesel');
INSERT INTO Carro(id, lotacao, classe, numPortas, importado, tracao, tipoCaixa, numVelocidades, combustivel)
	VALUES(93, 5, 'light', 5, 1, 'back', 'manual', 6, 'diesel');
INSERT INTO Carro(id, lotacao, classe, numPortas, importado, tracao, tipoCaixa, numVelocidades, combustivel)
	VALUES(94, 5, 'light', 5, 0, 'back', 'manual', 6, 'petrol');
INSERT INTO Carro(id, lotacao, classe, numPortas, importado, tracao, tipoCaixa, numVelocidades, combustivel)
	VALUES(95, 2, 'light', 3, 0, 'back', 'automatic', 8, 'petrol');
INSERT INTO Carro(id, lotacao, classe, numPortas, importado, tracao, tipoCaixa, numVelocidades, combustivel)
	VALUES(96, 2, 'light', 3, 1, 'back', 'automatic', 8, 'petrol');
INSERT INTO Carro(id, lotacao, classe, numPortas, importado, tracao, tipoCaixa, numVelocidades, combustivel)
	VALUES(98, 5, 'light', 3, 0, 'frontal', 'manual', 5, 'diesel');
INSERT INTO Carro(id, lotacao, classe, numPortas, importado, tracao, tipoCaixa, numVelocidades, combustivel)
	VALUES(99, 5, 'light', 3, 0, 'back', 'automatic', 6, 'petrol');
INSERT INTO Carro(id, lotacao, classe, numPortas, importado, tracao, tipoCaixa, numVelocidades, combustivel)
	VALUES(100, 5, 'light', 3, 1, 'frontal', 'manual', 5, 'hybrid');


-- Povoar Motos

INSERT INTO Moto(id)
	VALUES(14);
INSERT INTO Moto(id)
	VALUES(28);
INSERT INTO Moto(id)
	VALUES(30);
INSERT INTO Moto(id)
	VALUES(36);
INSERT INTO Moto(id)
	VALUES(43);
INSERT INTO Moto(id)
	VALUES(46);
INSERT INTO Moto(id)
	VALUES(51);
INSERT INTO Moto(id)
	VALUES(61);
INSERT INTO Moto(id)
	VALUES(77);
INSERT INTO Moto(id)
	VALUES(81);
INSERT INTO Moto(id)
	VALUES(87);
INSERT INTO Moto(id)
	VALUES(88);
INSERT INTO Moto(id)
	VALUES(97);


-- Povoar Fotos

INSERT INTO Foto(link, idAnuncio)
	VALUES('http://dummyimage.com/194x241.bmp/ff4444/ffffff', 56);
INSERT INTO Foto(link, idAnuncio)
	VALUES('http://dummyimage.com/152x249.jpg/dddddd/000000', 72);
INSERT INTO Foto(link, idAnuncio)
	VALUES('http://dummyimage.com/125x184.bmp/ff4444/ffffff', 67);
INSERT INTO Foto(link, idAnuncio)
	VALUES('http://dummyimage.com/174x193.jpg/ff4444/ffffff', 59);
INSERT INTO Foto(link, idAnuncio)
	VALUES('http://dummyimage.com/203x177.bmp/cc0000/ffffff', 63);
INSERT INTO Foto(link, idAnuncio)
	VALUES('http://dummyimage.com/124x207.jpg/ff4444/ffffff', 56);
INSERT INTO Foto(link, idAnuncio)
	VALUES('http://dummyimage.com/144x113.bmp/cc0000/ffffff', 61);
INSERT INTO Foto(link, idAnuncio)
	VALUES('http://dummyimage.com/231x207.png/dddddd/000000', 59);
INSERT INTO Foto(link, idAnuncio)
	VALUES('http://dummyimage.com/174x204.jpg/5fa2dd/ffffff', 31);
INSERT INTO Foto(link, idAnuncio)
	VALUES('http://dummyimage.com/213x106.png/cc0000/ffffff', 42);
INSERT INTO Foto(link, idAnuncio)
	VALUES('http://dummyimage.com/218x137.bmp/ff4444/ffffff', 60);
INSERT INTO Foto(link, idAnuncio)
	VALUES('http://dummyimage.com/238x211.bmp/5fa2dd/ffffff', 13);
INSERT INTO Foto(link, idAnuncio)
	VALUES('http://dummyimage.com/225x139.bmp/dddddd/000000', 20);
INSERT INTO Foto(link, idAnuncio)
	VALUES('http://dummyimage.com/228x188.jpg/cc0000/ffffff', 47);
INSERT INTO Foto(link, idAnuncio)
	VALUES('http://dummyimage.com/239x152.jpg/cc0000/ffffff', 90);
INSERT INTO Foto(link, idAnuncio)
	VALUES('http://dummyimage.com/149x102.bmp/dddddd/000000', 69);
INSERT INTO Foto(link, idAnuncio)
	VALUES('http://dummyimage.com/165x237.jpg/ff4444/ffffff', 64);
INSERT INTO Foto(link, idAnuncio)
	VALUES('http://dummyimage.com/144x120.png/cc0000/ffffff', 14);
INSERT INTO Foto(link, idAnuncio)
	VALUES('http://dummyimage.com/175x232.png/cc0000/ffffff', 93);
INSERT INTO Foto(link, idAnuncio)
	VALUES('http://dummyimage.com/231x245.bmp/cc0000/ffffff', 90);
INSERT INTO Foto(link, idAnuncio)
	VALUES('http://dummyimage.com/135x190.bmp/ff4444/ffffff', 6);
INSERT INTO Foto(link, idAnuncio)
	VALUES('http://dummyimage.com/214x114.png/5fa2dd/ffffff', 58);
INSERT INTO Foto(link, idAnuncio)
	VALUES('http://dummyimage.com/222x167.bmp/5fa2dd/ffffff', 98);
INSERT INTO Foto(link, idAnuncio)
	VALUES('http://dummyimage.com/137x156.png/dddddd/000000', 2);
INSERT INTO Foto(link, idAnuncio)
	VALUES('http://dummyimage.com/135x187.bmp/ff4444/ffffff', 80);
INSERT INTO Foto(link, idAnuncio)
	VALUES('http://dummyimage.com/177x247.png/5fa2dd/ffffff', 76);
INSERT INTO Foto(link, idAnuncio)
	VALUES('http://dummyimage.com/220x147.bmp/5fa2dd/ffffff', 50);
INSERT INTO Foto(link, idAnuncio)
	VALUES('http://dummyimage.com/209x137.bmp/5fa2dd/ffffff', 34);
INSERT INTO Foto(link, idAnuncio)
	VALUES('http://dummyimage.com/228x190.png/dddddd/000000', 93);
INSERT INTO Foto(link, idAnuncio)
	VALUES('http://dummyimage.com/124x148.bmp/5fa2dd/ffffff', 16);
INSERT INTO Foto(link, idAnuncio)
	VALUES('http://dummyimage.com/134x126.jpg/5fa2dd/ffffff', 70);
INSERT INTO Foto(link, idAnuncio)
	VALUES('http://dummyimage.com/114x146.png/5fa2dd/ffffff', 15);
INSERT INTO Foto(link, idAnuncio)
	VALUES('http://dummyimage.com/150x209.png/5fa2dd/ffffff', 61);
INSERT INTO Foto(link, idAnuncio)
	VALUES('http://dummyimage.com/243x179.png/dddddd/000000', 74);
INSERT INTO Foto(link, idAnuncio)
	VALUES('http://dummyimage.com/217x156.png/5fa2dd/ffffff', 9);
INSERT INTO Foto(link, idAnuncio)
	VALUES('http://dummyimage.com/190x241.png/cc0000/ffffff', 33);
INSERT INTO Foto(link, idAnuncio)
	VALUES('http://dummyimage.com/205x198.png/5fa2dd/ffffff', 18);
INSERT INTO Foto(link, idAnuncio)
	VALUES('http://dummyimage.com/103x204.jpg/5fa2dd/ffffff', 44);
INSERT INTO Foto(link, idAnuncio)
	VALUES('http://dummyimage.com/186x124.jpg/cc0000/ffffff', 57);
INSERT INTO Foto(link, idAnuncio)
	VALUES('http://dummyimage.com/170x173.png/5fa2dd/ffffff', 86);
INSERT INTO Foto(link, idAnuncio)
	VALUES('http://dummyimage.com/185x110.jpg/5fa2dd/ffffff', 57);
INSERT INTO Foto(link, idAnuncio)
	VALUES('http://dummyimage.com/195x214.bmp/cc0000/ffffff', 14);
INSERT INTO Foto(link, idAnuncio)
	VALUES('http://dummyimage.com/179x208.png/5fa2dd/ffffff', 49);
INSERT INTO Foto(link, idAnuncio)
	VALUES('http://dummyimage.com/137x202.jpg/ff4444/ffffff', 54);
INSERT INTO Foto(link, idAnuncio)
	VALUES('http://dummyimage.com/115x106.png/ff4444/ffffff', 41);
INSERT INTO Foto(link, idAnuncio)
	VALUES('http://dummyimage.com/114x218.png/ff4444/ffffff', 72);
INSERT INTO Foto(link, idAnuncio)
	VALUES('http://dummyimage.com/110x245.jpg/dddddd/000000', 13);
INSERT INTO Foto(link, idAnuncio)
	VALUES('http://dummyimage.com/239x110.png/5fa2dd/ffffff', 56);
INSERT INTO Foto(link, idAnuncio)
	VALUES('http://dummyimage.com/226x178.png/cc0000/ffffff', 22);
INSERT INTO Foto(link, idAnuncio)
	VALUES('http://dummyimage.com/193x250.bmp/ff4444/ffffff', 28);
INSERT INTO Foto(link, idAnuncio)
	VALUES('http://dummyimage.com/229x243.bmp/5fa2dd/ffffff', 98);
INSERT INTO Foto(link, idAnuncio)
	VALUES('http://dummyimage.com/117x203.jpg/ff4444/ffffff', 79);
INSERT INTO Foto(link, idAnuncio)
	VALUES('http://dummyimage.com/169x155.bmp/ff4444/ffffff', 55);
INSERT INTO Foto(link, idAnuncio)
	VALUES('http://dummyimage.com/203x205.png/5fa2dd/ffffff', 40);
INSERT INTO Foto(link, idAnuncio)
	VALUES('http://dummyimage.com/188x245.jpg/cc0000/ffffff', 8);
INSERT INTO Foto(link, idAnuncio)
	VALUES('http://dummyimage.com/126x224.bmp/5fa2dd/ffffff', 52);
INSERT INTO Foto(link, idAnuncio)
	VALUES('http://dummyimage.com/217x127.bmp/ff4444/ffffff', 55);
INSERT INTO Foto(link, idAnuncio)
	VALUES('http://dummyimage.com/246x120.png/5fa2dd/ffffff', 68);
INSERT INTO Foto(link, idAnuncio)
	VALUES('http://dummyimage.com/229x154.bmp/dddddd/000000', 15);
INSERT INTO Foto(link, idAnuncio)
	VALUES('http://dummyimage.com/142x129.png/5fa2dd/ffffff', 28);
INSERT INTO Foto(link, idAnuncio)
	VALUES('http://dummyimage.com/150x171.bmp/5fa2dd/ffffff', 15);
INSERT INTO Foto(link, idAnuncio)
	VALUES('http://dummyimage.com/125x148.png/cc0000/ffffff', 5);
INSERT INTO Foto(link, idAnuncio)
	VALUES('http://dummyimage.com/224x197.bmp/5fa2dd/ffffff', 58);
INSERT INTO Foto(link, idAnuncio)
	VALUES('http://dummyimage.com/201x237.jpg/ff4444/ffffff', 76);
INSERT INTO Foto(link, idAnuncio)
	VALUES('http://dummyimage.com/177x226.bmp/dddddd/000000', 80);
INSERT INTO Foto(link, idAnuncio)
	VALUES('http://dummyimage.com/206x145.png/ff4444/ffffff', 58);
INSERT INTO Foto(link, idAnuncio)
	VALUES('http://dummyimage.com/158x154.bmp/dddddd/000000', 74);
INSERT INTO Foto(link, idAnuncio)
	VALUES('http://dummyimage.com/235x143.bmp/5fa2dd/ffffff', 59);
INSERT INTO Foto(link, idAnuncio)
	VALUES('http://dummyimage.com/150x142.png/5fa2dd/ffffff', 19);
INSERT INTO Foto(link, idAnuncio)
	VALUES('http://dummyimage.com/165x212.jpg/ff4444/ffffff', 67);
INSERT INTO Foto(link, idAnuncio)
	VALUES('http://dummyimage.com/161x240.jpg/cc0000/ffffff', 4);
INSERT INTO Foto(link, idAnuncio)
	VALUES('http://dummyimage.com/207x142.bmp/5fa2dd/ffffff', 72);
INSERT INTO Foto(link, idAnuncio)
	VALUES('http://dummyimage.com/127x215.jpg/cc0000/ffffff', 3);
INSERT INTO Foto(link, idAnuncio)
	VALUES('http://dummyimage.com/154x172.bmp/5fa2dd/ffffff', 96);
INSERT INTO Foto(link, idAnuncio)
	VALUES('http://dummyimage.com/242x176.png/dddddd/000000', 56);
INSERT INTO Foto(link, idAnuncio)
	VALUES('http://dummyimage.com/229x191.png/5fa2dd/ffffff', 56);
INSERT INTO Foto(link, idAnuncio)
	VALUES('http://dummyimage.com/203x104.bmp/dddddd/000000', 86);
INSERT INTO Foto(link, idAnuncio)
	VALUES('http://dummyimage.com/244x120.png/ff4444/ffffff', 40);
INSERT INTO Foto(link, idAnuncio)
	VALUES('http://dummyimage.com/242x107.jpg/cc0000/ffffff', 85);
INSERT INTO Foto(link, idAnuncio)
	VALUES('http://dummyimage.com/182x128.jpg/ff4444/ffffff', 87);
INSERT INTO Foto(link, idAnuncio)
	VALUES('http://dummyimage.com/228x134.png/cc0000/ffffff', 62);
INSERT INTO Foto(link, idAnuncio)
	VALUES('http://dummyimage.com/209x181.png/cc0000/ffffff', 54);
INSERT INTO Foto(link, idAnuncio)
	VALUES('http://dummyimage.com/235x198.bmp/dddddd/000000', 35);
INSERT INTO Foto(link, idAnuncio)
	VALUES('http://dummyimage.com/181x127.png/cc0000/ffffff', 5);
INSERT INTO Foto(link, idAnuncio)
	VALUES('http://dummyimage.com/129x161.png/ff4444/ffffff', 28);
INSERT INTO Foto(link, idAnuncio)
	VALUES('http://dummyimage.com/174x141.png/ff4444/ffffff', 35);
INSERT INTO Foto(link, idAnuncio)
	VALUES('http://dummyimage.com/148x105.bmp/cc0000/ffffff', 67);
INSERT INTO Foto(link, idAnuncio)
	VALUES('http://dummyimage.com/130x137.bmp/ff4444/ffffff', 54);
INSERT INTO Foto(link, idAnuncio)
	VALUES('http://dummyimage.com/171x181.bmp/cc0000/ffffff', 33);
INSERT INTO Foto(link, idAnuncio)
	VALUES('http://dummyimage.com/239x150.png/cc0000/ffffff', 72);
INSERT INTO Foto(link, idAnuncio)
	VALUES('http://dummyimage.com/126x228.png/cc0000/ffffff', 6);
INSERT INTO Foto(link, idAnuncio)
	VALUES('http://dummyimage.com/225x165.png/ff4444/ffffff', 94);
INSERT INTO Foto(link, idAnuncio)
	VALUES('http://dummyimage.com/238x166.bmp/5fa2dd/ffffff', 84);
INSERT INTO Foto(link, idAnuncio)
	VALUES('http://dummyimage.com/159x249.jpg/5fa2dd/ffffff', 29);
INSERT INTO Foto(link, idAnuncio)
	VALUES('http://dummyimage.com/213x167.bmp/cc0000/ffffff', 12);
INSERT INTO Foto(link, idAnuncio)
	VALUES('http://dummyimage.com/222x223.bmp/cc0000/ffffff', 84);
INSERT INTO Foto(link, idAnuncio)
	VALUES('http://dummyimage.com/106x240.png/ff4444/ffffff', 23);
INSERT INTO Foto(link, idAnuncio)
	VALUES('http://dummyimage.com/232x116.jpg/dddddd/000000', 55);
INSERT INTO Foto(link, idAnuncio)
	VALUES('http://dummyimage.com/129x154.bmp/5fa2dd/ffffff', 90);
INSERT INTO Foto(link, idAnuncio)
	VALUES('http://dummyimage.com/177x220.bmp/cc0000/ffffff', 95);
INSERT INTO Foto(link, idAnuncio)
	VALUES('http://dummyimage.com/213x192.jpg/ff4444/ffffff', 58);
INSERT INTO Foto(link, idAnuncio)
	VALUES('http://dummyimage.com/228x229.png/cc0000/ffffff', 11);
INSERT INTO Foto(link, idAnuncio)
	VALUES('http://dummyimage.com/210x223.png/5fa2dd/ffffff', 70);
INSERT INTO Foto(link, idAnuncio)
	VALUES('http://dummyimage.com/185x111.png/ff4444/ffffff', 43);
INSERT INTO Foto(link, idAnuncio)
	VALUES('http://dummyimage.com/138x246.jpg/dddddd/000000', 64);
INSERT INTO Foto(link, idAnuncio)
	VALUES('http://dummyimage.com/216x228.bmp/dddddd/000000', 59);
INSERT INTO Foto(link, idAnuncio)
	VALUES('http://dummyimage.com/185x176.bmp/5fa2dd/ffffff', 67);
INSERT INTO Foto(link, idAnuncio)
	VALUES('http://dummyimage.com/171x140.png/cc0000/ffffff', 50);
INSERT INTO Foto(link, idAnuncio)
	VALUES('http://dummyimage.com/198x120.png/cc0000/ffffff', 51);
INSERT INTO Foto(link, idAnuncio)
	VALUES('http://dummyimage.com/215x194.png/dddddd/000000', 18);
INSERT INTO Foto(link, idAnuncio)
	VALUES('http://dummyimage.com/144x131.jpg/ff4444/ffffff', 82);
INSERT INTO Foto(link, idAnuncio)
	VALUES('http://dummyimage.com/182x247.png/dddddd/000000', 18);
INSERT INTO Foto(link, idAnuncio)
	VALUES('http://dummyimage.com/235x250.png/dddddd/000000', 87);
INSERT INTO Foto(link, idAnuncio)
	VALUES('http://dummyimage.com/139x152.png/ff4444/ffffff', 19);
INSERT INTO Foto(link, idAnuncio)
	VALUES('http://dummyimage.com/187x205.bmp/dddddd/000000', 9);
INSERT INTO Foto(link, idAnuncio)
	VALUES('http://dummyimage.com/223x118.bmp/5fa2dd/ffffff', 56);
INSERT INTO Foto(link, idAnuncio)
	VALUES('http://dummyimage.com/166x166.png/cc0000/ffffff', 50);
INSERT INTO Foto(link, idAnuncio)
	VALUES('http://dummyimage.com/212x193.bmp/5fa2dd/ffffff', 7);
INSERT INTO Foto(link, idAnuncio)
	VALUES('http://dummyimage.com/101x220.jpg/dddddd/000000', 100);
INSERT INTO Foto(link, idAnuncio)
	VALUES('http://dummyimage.com/163x207.jpg/ff4444/ffffff', 23);
INSERT INTO Foto(link, idAnuncio)
	VALUES('http://dummyimage.com/235x236.bmp/dddddd/000000', 15);
INSERT INTO Foto(link, idAnuncio)
	VALUES('http://dummyimage.com/171x233.bmp/5fa2dd/ffffff', 15);
INSERT INTO Foto(link, idAnuncio)
	VALUES('http://dummyimage.com/149x163.bmp/dddddd/000000', 88);
INSERT INTO Foto(link, idAnuncio)
	VALUES('http://dummyimage.com/137x187.bmp/ff4444/ffffff', 22);
INSERT INTO Foto(link, idAnuncio)
	VALUES('http://dummyimage.com/133x101.jpg/ff4444/ffffff', 47);
INSERT INTO Foto(link, idAnuncio)
	VALUES('http://dummyimage.com/125x102.bmp/dddddd/000000', 85);
INSERT INTO Foto(link, idAnuncio)
	VALUES('http://dummyimage.com/207x160.bmp/dddddd/000000', 40);
INSERT INTO Foto(link, idAnuncio)
	VALUES('http://dummyimage.com/101x218.png/ff4444/ffffff', 51);
INSERT INTO Foto(link, idAnuncio)
	VALUES('http://dummyimage.com/140x200.png/ff4444/ffffff', 87);
INSERT INTO Foto(link, idAnuncio)
	VALUES('http://dummyimage.com/159x178.png/dddddd/000000', 43);
INSERT INTO Foto(link, idAnuncio)
	VALUES('http://dummyimage.com/192x219.png/5fa2dd/ffffff', 81);
INSERT INTO Foto(link, idAnuncio)
	VALUES('http://dummyimage.com/149x106.jpg/5fa2dd/ffffff', 45);
INSERT INTO Foto(link, idAnuncio)
	VALUES('http://dummyimage.com/145x239.png/ff4444/ffffff', 77);
INSERT INTO Foto(link, idAnuncio)
	VALUES('http://dummyimage.com/107x225.png/cc0000/ffffff', 80);
INSERT INTO Foto(link, idAnuncio)
	VALUES('http://dummyimage.com/205x149.jpg/cc0000/ffffff', 41);
INSERT INTO Foto(link, idAnuncio)
	VALUES('http://dummyimage.com/189x122.bmp/ff4444/ffffff', 72);
INSERT INTO Foto(link, idAnuncio)
	VALUES('http://dummyimage.com/249x107.jpg/ff4444/ffffff', 74);
INSERT INTO Foto(link, idAnuncio)
	VALUES('http://dummyimage.com/236x231.png/dddddd/000000', 80);
INSERT INTO Foto(link, idAnuncio)
	VALUES('http://dummyimage.com/250x154.png/5fa2dd/ffffff', 50);
INSERT INTO Foto(link, idAnuncio)
	VALUES('http://dummyimage.com/123x156.jpg/ff4444/ffffff', 100);
INSERT INTO Foto(link, idAnuncio)
	VALUES('http://dummyimage.com/174x172.png/cc0000/ffffff', 59);
INSERT INTO Foto(link, idAnuncio)
	VALUES('http://dummyimage.com/210x158.bmp/dddddd/000000', 96);
INSERT INTO Foto(link, idAnuncio)
	VALUES('http://dummyimage.com/125x164.jpg/cc0000/ffffff', 16);
INSERT INTO Foto(link, idAnuncio)
	VALUES('http://dummyimage.com/154x106.png/ff4444/ffffff', 98);
INSERT INTO Foto(link, idAnuncio)
	VALUES('http://dummyimage.com/239x234.jpg/5fa2dd/ffffff', 45);
INSERT INTO Foto(link, idAnuncio)
	VALUES('http://dummyimage.com/114x214.jpg/cc0000/ffffff', 51);
INSERT INTO Foto(link, idAnuncio)
	VALUES('http://dummyimage.com/195x193.jpg/cc0000/ffffff', 96);
INSERT INTO Foto(link, idAnuncio)
	VALUES('http://dummyimage.com/225x195.jpg/cc0000/ffffff', 88);
INSERT INTO Foto(link, idAnuncio)
	VALUES('http://dummyimage.com/239x227.png/dddddd/000000', 36);
INSERT INTO Foto(link, idAnuncio)
	VALUES('http://dummyimage.com/230x195.jpg/5fa2dd/ffffff', 4);
INSERT INTO Foto(link, idAnuncio)
	VALUES('http://dummyimage.com/233x207.png/cc0000/ffffff', 53);
INSERT INTO Foto(link, idAnuncio)
	VALUES('http://dummyimage.com/152x117.bmp/dddddd/000000', 47);
INSERT INTO Foto(link, idAnuncio)
	VALUES('http://dummyimage.com/167x116.png/cc0000/ffffff', 10);
INSERT INTO Foto(link, idAnuncio)
	VALUES('http://dummyimage.com/219x100.png/dddddd/000000', 100);
INSERT INTO Foto(link, idAnuncio)
	VALUES('http://dummyimage.com/134x216.bmp/ff4444/ffffff', 6);
INSERT INTO Foto(link, idAnuncio)
	VALUES('http://dummyimage.com/243x111.jpg/cc0000/ffffff', 76);
INSERT INTO Foto(link, idAnuncio)
	VALUES('http://dummyimage.com/228x133.png/5fa2dd/ffffff', 31);
INSERT INTO Foto(link, idAnuncio)
	VALUES('http://dummyimage.com/179x145.png/5fa2dd/ffffff', 26);
INSERT INTO Foto(link, idAnuncio)
	VALUES('http://dummyimage.com/106x112.png/ff4444/ffffff', 90);
INSERT INTO Foto(link, idAnuncio)
	VALUES('http://dummyimage.com/200x235.bmp/cc0000/ffffff', 5);
INSERT INTO Foto(link, idAnuncio)
	VALUES('http://dummyimage.com/155x226.png/dddddd/000000', 1);
INSERT INTO Foto(link, idAnuncio)
	VALUES('http://dummyimage.com/119x113.bmp/cc0000/ffffff', 76);
INSERT INTO Foto(link, idAnuncio)
	VALUES('http://dummyimage.com/227x118.png/ff4444/ffffff', 29);
INSERT INTO Foto(link, idAnuncio)
	VALUES('http://dummyimage.com/187x248.jpg/ff4444/ffffff', 55);
INSERT INTO Foto(link, idAnuncio)
	VALUES('http://dummyimage.com/112x129.bmp/cc0000/ffffff', 28);
INSERT INTO Foto(link, idAnuncio)
	VALUES('http://dummyimage.com/213x248.bmp/5fa2dd/ffffff', 29);
INSERT INTO Foto(link, idAnuncio)
	VALUES('http://dummyimage.com/132x178.bmp/ff4444/ffffff', 85);
INSERT INTO Foto(link, idAnuncio)
	VALUES('http://dummyimage.com/199x207.bmp/5fa2dd/ffffff', 14);
INSERT INTO Foto(link, idAnuncio)
	VALUES('http://dummyimage.com/214x115.jpg/cc0000/ffffff', 63);
INSERT INTO Foto(link, idAnuncio)
	VALUES('http://dummyimage.com/180x189.bmp/ff4444/ffffff', 61);
INSERT INTO Foto(link, idAnuncio)
	VALUES('http://dummyimage.com/191x219.jpg/5fa2dd/ffffff', 5);
INSERT INTO Foto(link, idAnuncio)
	VALUES('http://dummyimage.com/138x103.bmp/dddddd/000000', 87);
INSERT INTO Foto(link, idAnuncio)
	VALUES('http://dummyimage.com/237x145.bmp/5fa2dd/ffffff', 6);
INSERT INTO Foto(link, idAnuncio)
	VALUES('http://dummyimage.com/182x125.png/dddddd/000000', 65);
INSERT INTO Foto(link, idAnuncio)
	VALUES('http://dummyimage.com/182x148.jpg/dddddd/000000', 72);
INSERT INTO Foto(link, idAnuncio)
	VALUES('http://dummyimage.com/175x210.bmp/cc0000/ffffff', 57);
INSERT INTO Foto(link, idAnuncio)
	VALUES('http://dummyimage.com/179x238.jpg/5fa2dd/ffffff', 2);
INSERT INTO Foto(link, idAnuncio)
	VALUES('http://dummyimage.com/100x220.bmp/ff4444/ffffff', 71);
INSERT INTO Foto(link, idAnuncio)
	VALUES('http://dummyimage.com/179x130.bmp/ff4444/ffffff', 37);
INSERT INTO Foto(link, idAnuncio)
	VALUES('http://dummyimage.com/172x233.jpg/ff4444/ffffff', 53);
INSERT INTO Foto(link, idAnuncio)
	VALUES('http://dummyimage.com/238x232.bmp/dddddd/000000', 11);
INSERT INTO Foto(link, idAnuncio)
	VALUES('http://dummyimage.com/111x159.bmp/ff4444/ffffff', 94);
INSERT INTO Foto(link, idAnuncio)
	VALUES('http://dummyimage.com/194x245.bmp/ff4444/ffffff', 88);
INSERT INTO Foto(link, idAnuncio)
	VALUES('http://dummyimage.com/229x103.jpg/ff4444/ffffff', 93);
INSERT INTO Foto(link, idAnuncio)
	VALUES('http://dummyimage.com/114x168.bmp/dddddd/000000', 20);
INSERT INTO Foto(link, idAnuncio)
	VALUES('http://dummyimage.com/209x169.png/ff4444/ffffff', 61);
INSERT INTO Foto(link, idAnuncio)
	VALUES('http://dummyimage.com/234x185.jpg/cc0000/ffffff', 99);
INSERT INTO Foto(link, idAnuncio)
	VALUES('http://dummyimage.com/148x144.jpg/dddddd/000000', 35);
INSERT INTO Foto(link, idAnuncio)
	VALUES('http://dummyimage.com/107x125.png/ff4444/ffffff', 84);
INSERT INTO Foto(link, idAnuncio)
	VALUES('http://dummyimage.com/244x213.jpg/dddddd/000000', 93);
INSERT INTO Foto(link, idAnuncio)
	VALUES('http://dummyimage.com/192x164.jpg/5fa2dd/ffffff', 22);
INSERT INTO Foto(link, idAnuncio)
	VALUES('http://dummyimage.com/238x245.png/ff4444/ffffff', 55);
INSERT INTO Foto(link, idAnuncio)
	VALUES('http://dummyimage.com/157x135.png/5fa2dd/ffffff', 91);
INSERT INTO Foto(link, idAnuncio)
	VALUES('http://dummyimage.com/201x149.jpg/5fa2dd/ffffff', 26);
INSERT INTO Foto(link, idAnuncio)
	VALUES('http://dummyimage.com/120x141.png/cc0000/ffffff', 33);
INSERT INTO Foto(link, idAnuncio)
	VALUES('http://dummyimage.com/157x207.bmp/5fa2dd/ffffff', 11);
INSERT INTO Foto(link, idAnuncio)
	VALUES('http://dummyimage.com/247x123.png/5fa2dd/ffffff', 16);
INSERT INTO Foto(link, idAnuncio)
	VALUES('http://dummyimage.com/104x140.bmp/ff4444/ffffff', 91);
INSERT INTO Foto(link, idAnuncio)
	VALUES('http://dummyimage.com/147x241.jpg/5fa2dd/ffffff', 56);
INSERT INTO Foto(link, idAnuncio)
	VALUES('http://dummyimage.com/180x126.jpg/cc0000/ffffff', 59);
INSERT INTO Foto(link, idAnuncio)
	VALUES('http://dummyimage.com/140x198.jpg/ff4444/ffffff', 15);
INSERT INTO Foto(link, idAnuncio)
	VALUES('http://dummyimage.com/106x232.bmp/dddddd/000000', 62);
INSERT INTO Foto(link, idAnuncio)
	VALUES('http://dummyimage.com/214x243.bmp/ff4444/ffffff', 74);
INSERT INTO Foto(link, idAnuncio)
	VALUES('http://dummyimage.com/235x192.jpg/ff4444/ffffff', 31);
INSERT INTO Foto(link, idAnuncio)
	VALUES('http://dummyimage.com/238x172.png/cc0000/ffffff', 89);
INSERT INTO Foto(link, idAnuncio)
	VALUES('http://dummyimage.com/123x114.png/ff4444/ffffff', 61);
INSERT INTO Foto(link, idAnuncio)
	VALUES('http://dummyimage.com/199x142.png/cc0000/ffffff', 23);
INSERT INTO Foto(link, idAnuncio)
	VALUES('http://dummyimage.com/136x174.png/5fa2dd/ffffff', 35);
INSERT INTO Foto(link, idAnuncio)
	VALUES('http://dummyimage.com/225x151.jpg/dddddd/000000', 26);
INSERT INTO Foto(link, idAnuncio)
	VALUES('http://dummyimage.com/102x166.jpg/5fa2dd/ffffff', 29);
INSERT INTO Foto(link, idAnuncio)
	VALUES('http://dummyimage.com/142x203.jpg/cc0000/ffffff', 59);
INSERT INTO Foto(link, idAnuncio)
	VALUES('http://dummyimage.com/226x243.png/ff4444/ffffff', 60);
INSERT INTO Foto(link, idAnuncio)
	VALUES('http://dummyimage.com/135x159.jpg/5fa2dd/ffffff', 18);
INSERT INTO Foto(link, idAnuncio)
	VALUES('http://dummyimage.com/218x129.bmp/5fa2dd/ffffff', 74);
INSERT INTO Foto(link, idAnuncio)
	VALUES('http://dummyimage.com/164x180.png/5fa2dd/ffffff', 64);
INSERT INTO Foto(link, idAnuncio)
	VALUES('http://dummyimage.com/149x109.png/5fa2dd/ffffff', 45);
INSERT INTO Foto(link, idAnuncio)
	VALUES('http://dummyimage.com/237x169.jpg/ff4444/ffffff', 43);
INSERT INTO Foto(link, idAnuncio)
	VALUES('http://dummyimage.com/239x201.png/ff4444/ffffff', 63);
INSERT INTO Foto(link, idAnuncio)
	VALUES('http://dummyimage.com/127x100.bmp/dddddd/000000', 20);
INSERT INTO Foto(link, idAnuncio)
	VALUES('http://dummyimage.com/197x238.png/5fa2dd/ffffff', 74);
INSERT INTO Foto(link, idAnuncio)
	VALUES('http://dummyimage.com/142x219.png/dddddd/000000', 32);
INSERT INTO Foto(link, idAnuncio)
	VALUES('http://dummyimage.com/120x245.jpg/cc0000/ffffff', 54);
INSERT INTO Foto(link, idAnuncio)
	VALUES('http://dummyimage.com/217x120.png/dddddd/000000', 89);
INSERT INTO Foto(link, idAnuncio)
	VALUES('http://dummyimage.com/140x196.png/5fa2dd/ffffff', 36);
INSERT INTO Foto(link, idAnuncio)
	VALUES('http://dummyimage.com/108x200.bmp/5fa2dd/ffffff', 100);
INSERT INTO Foto(link, idAnuncio)
	VALUES('http://dummyimage.com/195x111.bmp/ff4444/ffffff', 7);
INSERT INTO Foto(link, idAnuncio)
	VALUES('http://dummyimage.com/224x218.png/dddddd/000000', 7);
INSERT INTO Foto(link, idAnuncio)
	VALUES('http://dummyimage.com/109x173.png/ff4444/ffffff', 95);
INSERT INTO Foto(link, idAnuncio)
	VALUES('http://dummyimage.com/124x248.jpg/dddddd/000000', 30);
INSERT INTO Foto(link, idAnuncio)
	VALUES('http://dummyimage.com/187x235.bmp/5fa2dd/ffffff', 84);
INSERT INTO Foto(link, idAnuncio)
	VALUES('http://dummyimage.com/143x205.jpg/5fa2dd/ffffff', 97);
INSERT INTO Foto(link, idAnuncio)
	VALUES('http://dummyimage.com/215x163.bmp/ff4444/ffffff', 73);
INSERT INTO Foto(link, idAnuncio)
	VALUES('http://dummyimage.com/155x138.jpg/ff4444/ffffff', 93);
INSERT INTO Foto(link, idAnuncio)
	VALUES('http://dummyimage.com/181x141.jpg/ff4444/ffffff', 69);
INSERT INTO Foto(link, idAnuncio)
	VALUES('http://dummyimage.com/108x179.png/cc0000/ffffff', 20);
INSERT INTO Foto(link, idAnuncio)
	VALUES('http://dummyimage.com/108x117.bmp/dddddd/000000', 85);
INSERT INTO Foto(link, idAnuncio)
	VALUES('http://dummyimage.com/207x236.bmp/dddddd/000000', 73);
INSERT INTO Foto(link, idAnuncio)
	VALUES('http://dummyimage.com/127x211.png/ff4444/ffffff', 69);
INSERT INTO Foto(link, idAnuncio)
	VALUES('http://dummyimage.com/182x110.png/dddddd/000000', 55);
INSERT INTO Foto(link, idAnuncio)
	VALUES('http://dummyimage.com/180x242.jpg/5fa2dd/ffffff', 79);
INSERT INTO Foto(link, idAnuncio)
	VALUES('http://dummyimage.com/242x215.png/5fa2dd/ffffff', 37);
INSERT INTO Foto(link, idAnuncio)
	VALUES('http://dummyimage.com/120x124.jpg/5fa2dd/ffffff', 44);
INSERT INTO Foto(link, idAnuncio)
	VALUES('http://dummyimage.com/152x200.png/dddddd/000000', 75);
INSERT INTO Foto(link, idAnuncio)
	VALUES('http://dummyimage.com/235x217.jpg/dddddd/000000', 82);
INSERT INTO Foto(link, idAnuncio)
	VALUES('http://dummyimage.com/230x215.jpg/ff4444/ffffff', 70);
INSERT INTO Foto(link, idAnuncio)
	VALUES('http://dummyimage.com/226x153.bmp/cc0000/ffffff', 43);
INSERT INTO Foto(link, idAnuncio)
	VALUES('http://dummyimage.com/136x105.png/ff4444/ffffff', 4);
INSERT INTO Foto(link, idAnuncio)
	VALUES('http://dummyimage.com/184x130.bmp/5fa2dd/ffffff', 15);
INSERT INTO Foto(link, idAnuncio)
	VALUES('http://dummyimage.com/168x214.bmp/dddddd/000000', 100);
INSERT INTO Foto(link, idAnuncio)
	VALUES('http://dummyimage.com/230x159.png/ff4444/ffffff', 75);
INSERT INTO Foto(link, idAnuncio)
	VALUES('http://dummyimage.com/209x211.jpg/5fa2dd/ffffff', 51);
INSERT INTO Foto(link, idAnuncio)
	VALUES('http://dummyimage.com/211x118.jpg/5fa2dd/ffffff', 61);
INSERT INTO Foto(link, idAnuncio)
	VALUES('http://dummyimage.com/166x218.png/dddddd/000000', 3);
INSERT INTO Foto(link, idAnuncio)
	VALUES('http://dummyimage.com/177x169.jpg/ff4444/ffffff', 94);
INSERT INTO Foto(link, idAnuncio)
	VALUES('http://dummyimage.com/216x184.bmp/ff4444/ffffff', 69);
INSERT INTO Foto(link, idAnuncio)
	VALUES('http://dummyimage.com/152x193.png/cc0000/ffffff', 63);
INSERT INTO Foto(link, idAnuncio)
	VALUES('http://dummyimage.com/158x163.png/dddddd/000000', 12);
INSERT INTO Foto(link, idAnuncio)
	VALUES('http://dummyimage.com/227x229.png/dddddd/000000', 1);
INSERT INTO Foto(link, idAnuncio)
	VALUES('http://dummyimage.com/179x178.bmp/ff4444/ffffff', 91);
INSERT INTO Foto(link, idAnuncio)
	VALUES('http://dummyimage.com/235x204.bmp/dddddd/000000', 50);
INSERT INTO Foto(link, idAnuncio)
	VALUES('http://dummyimage.com/175x147.png/cc0000/ffffff', 43);
INSERT INTO Foto(link, idAnuncio)
	VALUES('http://dummyimage.com/200x123.png/cc0000/ffffff', 98);
INSERT INTO Foto(link, idAnuncio)
	VALUES('http://dummyimage.com/149x116.jpg/cc0000/ffffff', 81);
INSERT INTO Foto(link, idAnuncio)
	VALUES('http://dummyimage.com/228x227.jpg/cc0000/ffffff', 88);
INSERT INTO Foto(link, idAnuncio)
	VALUES('http://dummyimage.com/128x119.jpg/5fa2dd/ffffff', 66);
INSERT INTO Foto(link, idAnuncio)
	VALUES('http://dummyimage.com/107x182.bmp/ff4444/ffffff', 46);
INSERT INTO Foto(link, idAnuncio)
	VALUES('http://dummyimage.com/250x213.jpg/ff4444/ffffff', 48);
INSERT INTO Foto(link, idAnuncio)
	VALUES('http://dummyimage.com/109x235.bmp/cc0000/ffffff', 94);
INSERT INTO Foto(link, idAnuncio)
	VALUES('http://dummyimage.com/245x131.bmp/cc0000/ffffff', 58);
INSERT INTO Foto(link, idAnuncio)
	VALUES('http://dummyimage.com/194x216.png/cc0000/ffffff', 22);
INSERT INTO Foto(link, idAnuncio)
	VALUES('http://dummyimage.com/156x182.png/ff4444/ffffff', 14);
INSERT INTO Foto(link, idAnuncio)
	VALUES('http://dummyimage.com/184x238.bmp/ff4444/ffffff', 69);
INSERT INTO Foto(link, idAnuncio)
	VALUES('http://dummyimage.com/152x173.png/cc0000/ffffff', 50);
INSERT INTO Foto(link, idAnuncio)
	VALUES('http://dummyimage.com/167x169.png/dddddd/000000', 81);
INSERT INTO Foto(link, idAnuncio)
	VALUES('http://dummyimage.com/157x124.bmp/5fa2dd/ffffff', 61);
INSERT INTO Foto(link, idAnuncio)
	VALUES('http://dummyimage.com/215x189.jpg/cc0000/ffffff', 19);
INSERT INTO Foto(link, idAnuncio)
	VALUES('http://dummyimage.com/136x206.jpg/cc0000/ffffff', 34);
INSERT INTO Foto(link, idAnuncio)
	VALUES('http://dummyimage.com/140x193.bmp/5fa2dd/ffffff', 60);
INSERT INTO Foto(link, idAnuncio)
	VALUES('http://dummyimage.com/175x186.bmp/5fa2dd/ffffff', 37);
INSERT INTO Foto(link, idAnuncio)
	VALUES('http://dummyimage.com/153x212.png/cc0000/ffffff', 39);
INSERT INTO Foto(link, idAnuncio)
	VALUES('http://dummyimage.com/131x185.jpg/ff4444/ffffff', 37);
INSERT INTO Foto(link, idAnuncio)
	VALUES('http://dummyimage.com/141x126.jpg/dddddd/000000', 48);
INSERT INTO Foto(link, idAnuncio)
	VALUES('http://dummyimage.com/121x188.png/cc0000/ffffff', 44);
INSERT INTO Foto(link, idAnuncio)
	VALUES('http://dummyimage.com/144x107.jpg/ff4444/ffffff', 91);
INSERT INTO Foto(link, idAnuncio)
	VALUES('http://dummyimage.com/163x167.bmp/cc0000/ffffff', 82);
INSERT INTO Foto(link, idAnuncio)
	VALUES('http://dummyimage.com/198x197.bmp/cc0000/ffffff', 30);
INSERT INTO Foto(link, idAnuncio)
	VALUES('http://dummyimage.com/228x200.jpg/dddddd/000000', 13);
INSERT INTO Foto(link, idAnuncio)
	VALUES('http://dummyimage.com/234x104.jpg/dddddd/000000', 30);
INSERT INTO Foto(link, idAnuncio)
	VALUES('http://dummyimage.com/135x113.jpg/5fa2dd/ffffff', 86);
INSERT INTO Foto(link, idAnuncio)
	VALUES('http://dummyimage.com/114x164.png/ff4444/ffffff', 31);
INSERT INTO Foto(link, idAnuncio)
	VALUES('http://dummyimage.com/150x239.bmp/dddddd/000000', 16);
INSERT INTO Foto(link, idAnuncio)
	VALUES('http://dummyimage.com/212x248.jpg/cc0000/ffffff', 75);
INSERT INTO Foto(link, idAnuncio)
	VALUES('http://dummyimage.com/223x243.jpg/5fa2dd/ffffff', 4);
INSERT INTO Foto(link, idAnuncio)
	VALUES('http://dummyimage.com/171x174.jpg/ff4444/ffffff', 69);
INSERT INTO Foto(link, idAnuncio)
	VALUES('http://dummyimage.com/197x147.jpg/5fa2dd/ffffff', 73);
INSERT INTO Foto(link, idAnuncio)
	VALUES('http://dummyimage.com/124x138.png/ff4444/ffffff', 60);
INSERT INTO Foto(link, idAnuncio)
	VALUES('http://dummyimage.com/103x191.jpg/cc0000/ffffff', 39);
INSERT INTO Foto(link, idAnuncio)
	VALUES('http://dummyimage.com/171x227.png/5fa2dd/ffffff', 45);
INSERT INTO Foto(link, idAnuncio)
	VALUES('http://dummyimage.com/210x144.png/ff4444/ffffff', 66);
INSERT INTO Foto(link, idAnuncio)
	VALUES('http://dummyimage.com/176x137.bmp/ff4444/ffffff', 93);
INSERT INTO Foto(link, idAnuncio)
	VALUES('http://dummyimage.com/157x141.png/cc0000/ffffff', 14);
INSERT INTO Foto(link, idAnuncio)
	VALUES('http://dummyimage.com/173x247.jpg/cc0000/ffffff', 92);
INSERT INTO Foto(link, idAnuncio)
	VALUES('http://dummyimage.com/152x165.jpg/dddddd/000000', 2);
INSERT INTO Foto(link, idAnuncio)
	VALUES('http://dummyimage.com/204x223.jpg/dddddd/000000', 28);
INSERT INTO Foto(link, idAnuncio)
	VALUES('http://dummyimage.com/191x122.jpg/cc0000/ffffff', 97);
INSERT INTO Foto(link, idAnuncio)
	VALUES('http://dummyimage.com/244x177.png/cc0000/ffffff', 52);
INSERT INTO Foto(link, idAnuncio)
	VALUES('http://dummyimage.com/228x131.png/5fa2dd/ffffff', 7);
INSERT INTO Foto(link, idAnuncio)
	VALUES('http://dummyimage.com/106x227.jpg/cc0000/ffffff', 40);
INSERT INTO Foto(link, idAnuncio)
	VALUES('http://dummyimage.com/100x150.jpg/5fa2dd/ffffff', 5);
INSERT INTO Foto(link, idAnuncio)
	VALUES('http://dummyimage.com/249x130.jpg/dddddd/000000', 60);
INSERT INTO Foto(link, idAnuncio)
	VALUES('http://dummyimage.com/170x210.jpg/ff4444/ffffff', 85);
INSERT INTO Foto(link, idAnuncio)
	VALUES('http://dummyimage.com/198x175.bmp/ff4444/ffffff', 78);
INSERT INTO Foto(link, idAnuncio)
	VALUES('http://dummyimage.com/249x196.png/dddddd/000000', 90);
INSERT INTO Foto(link, idAnuncio)
	VALUES('http://dummyimage.com/102x196.bmp/cc0000/ffffff', 97);
INSERT INTO Foto(link, idAnuncio)
	VALUES('http://dummyimage.com/235x194.png/cc0000/ffffff', 99);
INSERT INTO Foto(link, idAnuncio)
	VALUES('http://dummyimage.com/224x223.bmp/ff4444/ffffff', 95);
INSERT INTO Foto(link, idAnuncio)
	VALUES('http://dummyimage.com/231x233.bmp/dddddd/000000', 87);
INSERT INTO Foto(link, idAnuncio)
	VALUES('http://dummyimage.com/211x108.bmp/dddddd/000000', 49);
INSERT INTO Foto(link, idAnuncio)
	VALUES('http://dummyimage.com/227x228.bmp/ff4444/ffffff', 90);
INSERT INTO Foto(link, idAnuncio)
	VALUES('http://dummyimage.com/159x171.png/dddddd/000000', 1);
INSERT INTO Foto(link, idAnuncio)
	VALUES('http://dummyimage.com/242x183.bmp/cc0000/ffffff', 90);
INSERT INTO Foto(link, idAnuncio)
	VALUES('http://dummyimage.com/242x224.jpg/ff4444/ffffff', 62);
INSERT INTO Foto(link, idAnuncio)
	VALUES('http://dummyimage.com/177x203.jpg/cc0000/ffffff', 36);
INSERT INTO Foto(link, idAnuncio)
	VALUES('http://dummyimage.com/240x173.png/5fa2dd/ffffff', 100);
INSERT INTO Foto(link, idAnuncio)
	VALUES('http://dummyimage.com/249x249.png/cc0000/ffffff', 25);
INSERT INTO Foto(link, idAnuncio)
	VALUES('http://dummyimage.com/176x173.bmp/dddddd/000000', 40);
INSERT INTO Foto(link, idAnuncio)
	VALUES('http://dummyimage.com/231x160.jpg/cc0000/ffffff', 78);
INSERT INTO Foto(link, idAnuncio)
	VALUES('http://dummyimage.com/124x215.jpg/5fa2dd/ffffff', 60);
INSERT INTO Foto(link, idAnuncio)
	VALUES('http://dummyimage.com/226x138.png/5fa2dd/ffffff', 91);
INSERT INTO Foto(link, idAnuncio)
	VALUES('http://dummyimage.com/102x115.png/5fa2dd/ffffff', 20);
INSERT INTO Foto(link, idAnuncio)
	VALUES('http://dummyimage.com/172x165.bmp/ff4444/ffffff', 92);
INSERT INTO Foto(link, idAnuncio)
	VALUES('http://dummyimage.com/104x206.png/ff4444/ffffff', 8);
INSERT INTO Foto(link, idAnuncio)
	VALUES('http://dummyimage.com/214x126.bmp/cc0000/ffffff', 27);
INSERT INTO Foto(link, idAnuncio)
	VALUES('http://dummyimage.com/143x103.jpg/dddddd/000000', 92);
INSERT INTO Foto(link, idAnuncio)
	VALUES('http://dummyimage.com/239x239.jpg/ff4444/ffffff', 51);
INSERT INTO Foto(link, idAnuncio)
	VALUES('http://dummyimage.com/133x247.bmp/dddddd/000000', 2);
INSERT INTO Foto(link, idAnuncio)
	VALUES('http://dummyimage.com/101x217.bmp/dddddd/000000', 15);
INSERT INTO Foto(link, idAnuncio)
	VALUES('http://dummyimage.com/201x223.png/5fa2dd/ffffff', 14);
INSERT INTO Foto(link, idAnuncio)
	VALUES('http://dummyimage.com/219x113.jpg/cc0000/ffffff', 98);
INSERT INTO Foto(link, idAnuncio)
	VALUES('http://dummyimage.com/219x107.bmp/5fa2dd/ffffff', 18);
INSERT INTO Foto(link, idAnuncio)
	VALUES('http://dummyimage.com/105x219.jpg/5fa2dd/ffffff', 33);
INSERT INTO Foto(link, idAnuncio)
	VALUES('http://dummyimage.com/117x186.bmp/5fa2dd/ffffff', 83);
INSERT INTO Foto(link, idAnuncio)
	VALUES('http://dummyimage.com/228x136.jpg/dddddd/000000', 71);
INSERT INTO Foto(link, idAnuncio)
	VALUES('http://dummyimage.com/185x166.png/ff4444/ffffff', 21);
INSERT INTO Foto(link, idAnuncio)
	VALUES('http://dummyimage.com/171x250.png/ff4444/ffffff', 69);
INSERT INTO Foto(link, idAnuncio)
	VALUES('http://dummyimage.com/109x247.png/ff4444/ffffff', 22);
INSERT INTO Foto(link, idAnuncio)
	VALUES('http://dummyimage.com/211x148.bmp/dddddd/000000', 59);
INSERT INTO Foto(link, idAnuncio)
	VALUES('http://dummyimage.com/162x240.bmp/dddddd/000000', 30);
INSERT INTO Foto(link, idAnuncio)
	VALUES('http://dummyimage.com/132x183.jpg/5fa2dd/ffffff', 53);
INSERT INTO Foto(link, idAnuncio)
	VALUES('http://dummyimage.com/106x237.png/cc0000/ffffff', 59);
INSERT INTO Foto(link, idAnuncio)
	VALUES('http://dummyimage.com/188x149.png/cc0000/ffffff', 54);
INSERT INTO Foto(link, idAnuncio)
	VALUES('http://dummyimage.com/224x133.png/ff4444/ffffff', 44);
INSERT INTO Foto(link, idAnuncio)
	VALUES('http://dummyimage.com/138x106.bmp/cc0000/ffffff', 55);
INSERT INTO Foto(link, idAnuncio)
	VALUES('http://dummyimage.com/232x166.png/dddddd/000000', 95);
INSERT INTO Foto(link, idAnuncio)
	VALUES('http://dummyimage.com/247x206.bmp/cc0000/ffffff', 53);
INSERT INTO Foto(link, idAnuncio)
	VALUES('http://dummyimage.com/199x188.bmp/cc0000/ffffff', 42);
INSERT INTO Foto(link, idAnuncio)
	VALUES('http://dummyimage.com/118x102.bmp/5fa2dd/ffffff', 45);
INSERT INTO Foto(link, idAnuncio)
	VALUES('http://dummyimage.com/187x150.jpg/5fa2dd/ffffff', 15);
INSERT INTO Foto(link, idAnuncio)
	VALUES('http://dummyimage.com/216x161.jpg/5fa2dd/ffffff', 87);
INSERT INTO Foto(link, idAnuncio)
	VALUES('http://dummyimage.com/218x245.bmp/cc0000/ffffff', 60);
INSERT INTO Foto(link, idAnuncio)
	VALUES('http://dummyimage.com/133x243.bmp/5fa2dd/ffffff', 93);
INSERT INTO Foto(link, idAnuncio)
	VALUES('http://dummyimage.com/119x149.jpg/5fa2dd/ffffff', 33);
INSERT INTO Foto(link, idAnuncio)
	VALUES('http://dummyimage.com/130x249.png/dddddd/000000', 94);
INSERT INTO Foto(link, idAnuncio)
	VALUES('http://dummyimage.com/143x243.bmp/cc0000/ffffff', 58);
INSERT INTO Foto(link, idAnuncio)
	VALUES('http://dummyimage.com/138x104.png/dddddd/000000', 31);
INSERT INTO Foto(link, idAnuncio)
	VALUES('http://dummyimage.com/239x138.bmp/5fa2dd/ffffff', 71);
INSERT INTO Foto(link, idAnuncio)
	VALUES('http://dummyimage.com/156x158.jpg/ff4444/ffffff', 78);
INSERT INTO Foto(link, idAnuncio)
	VALUES('http://dummyimage.com/181x139.png/5fa2dd/ffffff', 21);
INSERT INTO Foto(link, idAnuncio)
	VALUES('http://dummyimage.com/239x218.bmp/ff4444/ffffff', 10);
INSERT INTO Foto(link, idAnuncio)
	VALUES('http://dummyimage.com/228x171.jpg/dddddd/000000', 9);
INSERT INTO Foto(link, idAnuncio)
	VALUES('http://dummyimage.com/171x221.bmp/dddddd/000000', 25);
INSERT INTO Foto(link, idAnuncio)
	VALUES('http://dummyimage.com/239x228.bmp/ff4444/ffffff', 34);
INSERT INTO Foto(link, idAnuncio)
	VALUES('http://dummyimage.com/138x181.jpg/ff4444/ffffff', 46);
INSERT INTO Foto(link, idAnuncio)
	VALUES('http://dummyimage.com/226x214.bmp/dddddd/000000', 47);
INSERT INTO Foto(link, idAnuncio)
	VALUES('http://dummyimage.com/127x101.png/cc0000/ffffff', 69);
INSERT INTO Foto(link, idAnuncio)
	VALUES('http://dummyimage.com/207x159.jpg/5fa2dd/ffffff', 6);
INSERT INTO Foto(link, idAnuncio)
	VALUES('http://dummyimage.com/221x231.bmp/dddddd/000000', 62);
INSERT INTO Foto(link, idAnuncio)
	VALUES('http://dummyimage.com/110x109.bmp/5fa2dd/ffffff', 17);
INSERT INTO Foto(link, idAnuncio)
	VALUES('http://dummyimage.com/194x156.jpg/cc0000/ffffff', 58);
INSERT INTO Foto(link, idAnuncio)
	VALUES('http://dummyimage.com/179x202.png/ff4444/ffffff', 21);
INSERT INTO Foto(link, idAnuncio)
	VALUES('http://dummyimage.com/217x114.png/ff4444/ffffff', 80);
INSERT INTO Foto(link, idAnuncio)
	VALUES('http://dummyimage.com/117x191.bmp/ff4444/ffffff', 74);
INSERT INTO Foto(link, idAnuncio)
	VALUES('http://dummyimage.com/154x151.png/cc0000/ffffff', 80);
INSERT INTO Foto(link, idAnuncio)
	VALUES('http://dummyimage.com/166x181.bmp/cc0000/ffffff', 27);
INSERT INTO Foto(link, idAnuncio)
	VALUES('http://dummyimage.com/147x164.bmp/ff4444/ffffff', 68);
INSERT INTO Foto(link, idAnuncio)
	VALUES('http://dummyimage.com/180x190.jpg/5fa2dd/ffffff', 1);
INSERT INTO Foto(link, idAnuncio)
	VALUES('http://dummyimage.com/168x175.bmp/5fa2dd/ffffff', 27);
INSERT INTO Foto(link, idAnuncio)
	VALUES('http://dummyimage.com/161x148.bmp/cc0000/ffffff', 54);
INSERT INTO Foto(link, idAnuncio)
	VALUES('http://dummyimage.com/192x122.jpg/5fa2dd/ffffff', 60);
INSERT INTO Foto(link, idAnuncio)
	VALUES('http://dummyimage.com/225x181.bmp/ff4444/ffffff', 99);
INSERT INTO Foto(link, idAnuncio)
	VALUES('http://dummyimage.com/109x133.bmp/5fa2dd/ffffff', 55);
INSERT INTO Foto(link, idAnuncio)
	VALUES('http://dummyimage.com/156x167.png/cc0000/ffffff', 26);
INSERT INTO Foto(link, idAnuncio)
	VALUES('http://dummyimage.com/191x205.png/5fa2dd/ffffff', 40);
INSERT INTO Foto(link, idAnuncio)
	VALUES('http://dummyimage.com/219x166.jpg/ff4444/ffffff', 85);
INSERT INTO Foto(link, idAnuncio)
	VALUES('http://dummyimage.com/105x178.bmp/ff4444/ffffff', 26);
INSERT INTO Foto(link, idAnuncio)
	VALUES('http://dummyimage.com/121x121.png/ff4444/ffffff', 67);
INSERT INTO Foto(link, idAnuncio)
	VALUES('http://dummyimage.com/200x217.jpg/cc0000/ffffff', 88);
INSERT INTO Foto(link, idAnuncio)
	VALUES('http://dummyimage.com/123x207.bmp/dddddd/000000', 66);
INSERT INTO Foto(link, idAnuncio)
	VALUES('http://dummyimage.com/108x225.bmp/cc0000/ffffff', 60);
INSERT INTO Foto(link, idAnuncio)
	VALUES('http://dummyimage.com/232x141.png/cc0000/ffffff', 11);

-- Povoar Interesses

INSERT INTO Interessado(email, id)
	VALUES('tsappson1j@nsw.gov.au', 1);
INSERT INTO Interessado(email, id)
	VALUES('blocknerb@com.com', 1);
INSERT INTO Interessado(email, id)
	VALUES('gtames16@cbc.ca', 10);
INSERT INTO Interessado(email, id)
	VALUES('ckrale1c@slate.com', 10);
INSERT INTO Interessado(email, id)
	VALUES('blustyf@skyrock.com', 100);
INSERT INTO Interessado(email, id)
	VALUES('omckilroen@newsvine.com', 11);
INSERT INTO Interessado(email, id)
	VALUES('tsappson1j@nsw.gov.au', 11);
INSERT INTO Interessado(email, id)
	VALUES('blocknerb@com.com', 12);
INSERT INTO Interessado(email, id)
	VALUES('broll11@google.co.jp', 12);
INSERT INTO Interessado(email, id)
	VALUES('wpirdue1h@businesswire.com', 14);
INSERT INTO Interessado(email, id)
	VALUES('ipriter1b@ft.com', 14);
INSERT INTO Interessado(email, id)
	VALUES('blustyf@skyrock.com', 15);
INSERT INTO Interessado(email, id)
	VALUES('ronthank19@istockphoto.com', 15);
INSERT INTO Interessado(email, id)
	VALUES('lnowakowskau@jimdo.com', 16);
INSERT INTO Interessado(email, id)
	VALUES('docleryv@go.com', 16);
INSERT INTO Interessado(email, id)
	VALUES('blustyf@skyrock.com', 17);
INSERT INTO Interessado(email, id)
	VALUES('edit@google.cn', 20);
INSERT INTO Interessado(email, id)
	VALUES('ameah1e@ucsd.edu', 21);
INSERT INTO Interessado(email, id)
	VALUES('rneillansw@accuweather.com', 21);
INSERT INTO Interessado(email, id)
	VALUES('ameah1e@ucsd.edu', 23);
INSERT INTO Interessado(email, id)
	VALUES('hcordelette1f@wordpress.com', 23);
INSERT INTO Interessado(email, id)
	VALUES('lcawdell1m@123-reg.co.uk', 24);
INSERT INTO Interessado(email, id)
	VALUES('gbixley1d@studiopress.com', 29);
INSERT INTO Interessado(email, id)
	VALUES('rrobardeym@mapy.cz', 30);
INSERT INTO Interessado(email, id)
	VALUES('gesplin1a@nhs.uk', 32);
INSERT INTO Interessado(email, id)
	VALUES('dnapoleon3@mac.com', 32);
INSERT INTO Interessado(email, id)
	VALUES('lcawdell1m@123-reg.co.uk', 33);
INSERT INTO Interessado(email, id)
	VALUES('vlangfield0@odnoklassniki.ru', 36);
INSERT INTO Interessado(email, id)
	VALUES('vmacgrathc@dyndns.org', 36);
INSERT INTO Interessado(email, id)
	VALUES('ddun10@ucoz.com', 38);
INSERT INTO Interessado(email, id)
	VALUES('wlawrinsonq@printfriendly.com', 39);
INSERT INTO Interessado(email, id)
	VALUES('broll11@google.co.jp', 39);
INSERT INTO Interessado(email, id)
	VALUES('rshynn4@elegantthemes.com', 4);
INSERT INTO Interessado(email, id)
	VALUES('hcalderonello14@plala.or.jp', 40);
INSERT INTO Interessado(email, id)
	VALUES('hblamey1i@stumbleupon.com', 41);
INSERT INTO Interessado(email, id)
	VALUES('sskip6@slideshare.net', 41);
INSERT INTO Interessado(email, id)
	VALUES('mwoan17@canalblog.com', 42);
INSERT INTO Interessado(email, id)
	VALUES('wpirdue1h@businesswire.com', 42);
INSERT INTO Interessado(email, id)
	VALUES('gesplin1a@nhs.uk', 43);
INSERT INTO Interessado(email, id)
	VALUES('rshipperbottomd@bloglines.com', 43);
INSERT INTO Interessado(email, id)
	VALUES('vmacgrathc@dyndns.org', 45);
INSERT INTO Interessado(email, id)
	VALUES('mdachs1g@yellowpages.com', 45);
INSERT INTO Interessado(email, id)
	VALUES('mwoan17@canalblog.com', 47);
INSERT INTO Interessado(email, id)
	VALUES('vmacgrathc@dyndns.org', 48);
INSERT INTO Interessado(email, id)
	VALUES('aawcoate8@fotki.com', 48);
INSERT INTO Interessado(email, id)
	VALUES('gdrewetth@theguardian.com', 49);
INSERT INTO Interessado(email, id)
	VALUES('hblamey1i@stumbleupon.com', 49);
INSERT INTO Interessado(email, id)
	VALUES('esteffensy@mapquest.com', 5);
INSERT INTO Interessado(email, id)
	VALUES('sedmonston1l@fc2.com', 51);
INSERT INTO Interessado(email, id)
	VALUES('ipriter1b@ft.com', 52);
INSERT INTO Interessado(email, id)
	VALUES('ronthank19@istockphoto.com', 53);
INSERT INTO Interessado(email, id)
	VALUES('lwerrilow1@reddit.com', 53);
INSERT INTO Interessado(email, id)
	VALUES('docleryv@go.com', 54);
INSERT INTO Interessado(email, id)
	VALUES('emullindere@youku.com', 54);
INSERT INTO Interessado(email, id)
	VALUES('blocknerb@com.com', 56);
INSERT INTO Interessado(email, id)
	VALUES('sedmonston1l@fc2.com', 56);
INSERT INTO Interessado(email, id)
	VALUES('sskip6@slideshare.net', 59);
INSERT INTO Interessado(email, id)
	VALUES('vlangfield0@odnoklassniki.ru', 59);
INSERT INTO Interessado(email, id)
	VALUES('efishbourne1k@cbslocal.com', 66);
INSERT INTO Interessado(email, id)
	VALUES('tbantock13@barnesandnoble.com', 67);
INSERT INTO Interessado(email, id)
	VALUES('esteffensy@mapquest.com', 67);
INSERT INTO Interessado(email, id)
	VALUES('mdachs1g@yellowpages.com', 68);
INSERT INTO Interessado(email, id)
	VALUES('blocknerb@com.com', 68);
INSERT INTO Interessado(email, id)
	VALUES('bmatiebej@github.com', 69);
INSERT INTO Interessado(email, id)
	VALUES('hcalderonello14@plala.or.jp', 69);
INSERT INTO Interessado(email, id)
	VALUES('emullindere@youku.com', 7);
INSERT INTO Interessado(email, id)
	VALUES('ddun10@ucoz.com', 70);
INSERT INTO Interessado(email, id)
	VALUES('wlawrinsonq@printfriendly.com', 70);
INSERT INTO Interessado(email, id)
	VALUES('lnowakowskau@jimdo.com', 71);
INSERT INTO Interessado(email, id)
	VALUES('mwoan17@canalblog.com', 72);
INSERT INTO Interessado(email, id)
	VALUES('tbantock13@barnesandnoble.com', 72);
INSERT INTO Interessado(email, id)
	VALUES('gtames16@cbc.ca', 73);
INSERT INTO Interessado(email, id)
	VALUES('gbixley1d@studiopress.com', 74);
INSERT INTO Interessado(email, id)
	VALUES('emullindere@youku.com', 77);
INSERT INTO Interessado(email, id)
	VALUES('ddun10@ucoz.com', 77);
INSERT INTO Interessado(email, id)
	VALUES('broll11@google.co.jp', 78);
INSERT INTO Interessado(email, id)
	VALUES('dnapoleon3@mac.com', 78);
INSERT INTO Interessado(email, id)
	VALUES('edit@google.cn', 79);
INSERT INTO Interessado(email, id)
	VALUES('dboraston5@mozilla.com', 8);
INSERT INTO Interessado(email, id)
	VALUES('vlambot18@sciencedaily.com', 8);
INSERT INTO Interessado(email, id)
	VALUES('docleryv@go.com', 80);
INSERT INTO Interessado(email, id)
	VALUES('gtames16@cbc.ca', 80);
INSERT INTO Interessado(email, id)
	VALUES('dboraston5@mozilla.com', 81);
INSERT INTO Interessado(email, id)
	VALUES('mmccarvero@kickstarter.com', 82);
INSERT INTO Interessado(email, id)
	VALUES('hcalderonello14@plala.or.jp', 86);
INSERT INTO Interessado(email, id)
	VALUES('sskip6@slideshare.net', 86);
INSERT INTO Interessado(email, id)
	VALUES('gsympson7@nytimes.com', 89);
INSERT INTO Interessado(email, id)
	VALUES('aawcoate8@fotki.com', 89);
INSERT INTO Interessado(email, id)
	VALUES('rshipperbottomd@bloglines.com', 9);
INSERT INTO Interessado(email, id)
	VALUES('dtozer12@prlog.org', 9);
INSERT INTO Interessado(email, id)
	VALUES('edit@google.cn', 90);
INSERT INTO Interessado(email, id)
	VALUES('gesplin1a@nhs.uk', 91);
INSERT INTO Interessado(email, id)
	VALUES('gesplin1a@nhs.uk', 92);
INSERT INTO Interessado(email, id)
	VALUES('gdrewetth@theguardian.com', 93);
INSERT INTO Interessado(email, id)
	VALUES('cmaccafferyi@weebly.com', 94);
INSERT INTO Interessado(email, id)
	VALUES('otrankx@ocn.ne.jp', 95);
INSERT INTO Interessado(email, id)
	VALUES('ameah1e@ucsd.edu', 95);
INSERT INTO Interessado(email, id)
	VALUES('dembra2@yolasite.com', 96);
INSERT INTO Interessado(email, id)
	VALUES('ddun10@ucoz.com', 96);
INSERT INTO Interessado(email, id)
	VALUES('omckilroen@newsvine.com', 98);
INSERT INTO Interessado(email, id)
	VALUES('cfalloonp@tinyurl.com', 98);
INSERT INTO Interessado(email, id)
	VALUES('lwerrilow1@reddit.com', 99);

